stock_code,stock_name,price,market,date,updated_at
00411A,主動統一前沿科技,10.47,OTC,2026-09-24,2026-09-25 21:07:52
006201,元大富櫃50,46.17,OTC,2026-09-24,2026-09-25 21:07:52
00679B,元大美債20年,25.28,OTC,2026-09-24,2026-09-25 21:07:52
00687B,國泰20年美債,26.28,OTC,2026-09-24,2026-09-25 21:07:52
00687C,國泰20年美債+櫃U,8.9,OTC,2026-09-24,2026-09-25 21:07:52
00694B,富邦美債1-3,41.64,OTC,2026-09-24,2026-09-25 21:07:52
00695B,富邦美債7-10,33.94,OTC,2026-09-24,2026-09-25 21:07:52
00696B,富邦美債20年,27.54,OTC,2026-09-24,2026-09-25 21:07:52
00697B,元大美債7-10,34.16,OTC,2026-09-24,2026-09-25 21:07:52
00719B,元大美債1-3,30.95,OTC,2026-09-24,2026-09-25 21:07:52
00720B,元大投資級公司債,31.53,OTC,2026-09-24,2026-09-25 21:07:52
00722B,群益投資級電信債,33.84,OTC,2026-09-24,2026-09-25 21:07:52
00723B,群益投資級科技債,29.0,OTC,2026-09-24,2026-09-25 21:07:52
00724B,群益投資級金融債,32.22,OTC,2026-09-24,2026-09-25 21:07:52
00725B,國泰投資級公司債,33.59,OTC,2026-09-24,2026-09-25 21:07:52
00726B,國泰新興投等債,31.72,OTC,2026-09-24,2026-09-25 21:07:52
00727B,國泰優選非投等債,39.09,OTC,2026-09-24,2026-09-25 21:07:52
00734B,台新JPM新興債,15.23,OTC,2026-09-24,2026-09-25 21:07:52
00740B,富邦全球投等債,36.67,OTC,2026-09-24,2026-09-25 21:07:52
00741B,富邦全球非投等債,36.94,OTC,2026-09-24,2026-09-25 21:07:52
00746B,富邦A級公司債,33.88,OTC,2026-09-24,2026-09-25 21:07:52
00749B,凱基新興債10+,30.47,OTC,2026-09-24,2026-09-25 21:07:52
00750B,凱基科技債10+,31.29,OTC,2026-09-24,2026-09-25 21:07:52
00751B,元大AAA至A公司債,29.56,OTC,2026-09-24,2026-09-25 21:07:52
00754B,群益AAA-AA公司債,31.02,OTC,2026-09-24,2026-09-25 21:07:52
00755B,群益投資級公用債,31.12,OTC,2026-09-24,2026-09-25 21:07:52
00756B,群益投等新興公債,29.73,OTC,2026-09-24,2026-09-25 21:07:52
00758B,復華能源債,49.56,OTC,2026-09-24,2026-09-25 21:07:52
00759B,復華製藥債,51.95,OTC,2026-09-24,2026-09-25 21:07:52
00760B,復華新興企業債,51.5,OTC,2026-09-24,2026-09-25 21:07:52
00761B,國泰A級公司債,32.52,OTC,2026-09-24,2026-09-25 21:07:52
00764B,群益25年美債,26.24,OTC,2026-09-24,2026-09-25 21:07:52
00768B,復華20年美債,47.1,OTC,2026-09-24,2026-09-25 21:07:52
00772B,中信高評級公司債,31.84,OTC,2026-09-24,2026-09-25 21:07:52
00773B,中信優先金融債,33.99,OTC,2026-09-24,2026-09-25 21:07:52
00777B,凱基AAA至A公司債,30.73,OTC,2026-09-24,2026-09-25 21:07:52
00778B,凱基金融債20+,32.56,OTC,2026-09-24,2026-09-25 21:07:52
00779B,凱基美債25+,26.47,OTC,2026-09-24,2026-09-25 21:07:52
00780B,國泰A級金融債,35.74,OTC,2026-09-24,2026-09-25 21:07:52
00781B,國泰A級科技債,26.29,OTC,2026-09-24,2026-09-25 21:07:52
00782B,國泰A級公用債,28.98,OTC,2026-09-24,2026-09-25 21:07:52
00785B,富邦金融投等債,33.4,OTC,2026-09-24,2026-09-25 21:07:52
00786B,元大10年IG銀行債,31.26,OTC,2026-09-24,2026-09-25 21:07:52
00787B,元大10年IG醫療債,30.9,OTC,2026-09-24,2026-09-25 21:07:52
00788B,元大10年IG電能債,28.7,OTC,2026-09-24,2026-09-25 21:07:52
00789B,復華公司債A3,45.53,OTC,2026-09-24,2026-09-25 21:07:52
00791B,復華信用債1-5,56.45,OTC,2026-09-24,2026-09-25 21:07:52
00792B,群益A級公司債,29.85,OTC,2026-09-24,2026-09-25 21:07:52
00795B,中信美國公債20年,25.41,OTC,2026-09-24,2026-09-25 21:07:52
00799B,國泰A級醫療債,28.11,OTC,2026-09-24,2026-09-25 21:07:52
00834B,第一金金融債10+,32.69,OTC,2026-09-24,2026-09-25 21:07:52
00836B,永豐10年A公司債,27.15,OTC,2026-09-24,2026-09-25 21:07:52
00840B,凱基IG精選15+,28.27,OTC,2026-09-24,2026-09-25 21:07:52
00841B,凱基AAA-AA公司債,27.06,OTC,2026-09-24,2026-09-25 21:07:52
00842B,台新美元銀行債,28.89,OTC,2026-09-24,2026-09-25 21:07:52
00844B,台新15年IG金融債,29.96,OTC,2026-09-24,2026-09-25 21:07:52
00845B,富邦新興投等債,32.03,OTC,2026-09-24,2026-09-25 21:07:52
00846B,富邦歐洲銀行債,34.53,OTC,2026-09-24,2026-09-25 21:07:52
00847B,中信美國市政債,23.9,OTC,2026-09-24,2026-09-25 21:07:52
00848B,中信新興亞洲債,32.98,OTC,2026-09-24,2026-09-25 21:07:52
00849B,中信EM主權債0-5,37.24,OTC,2026-09-24,2026-09-25 21:07:52
00853B,統一美債10年Aa-A,26.07,OTC,2026-09-24,2026-09-25 21:07:52
00856B,永豐1-3年美公債,37.08,OTC,2026-09-24,2026-09-25 21:07:52
00857B,永豐20年美公債,21.86,OTC,2026-09-24,2026-09-25 21:07:52
00858,永豐美國500大,36.12,OTC,2026-09-24,2026-09-25 21:07:52
00859B,群益0-1年美債,40.63,OTC,2026-09-24,2026-09-25 21:07:52
00860B,群益1-5Y投資級債,37.74,OTC,2026-09-24,2026-09-25 21:07:52
00862B,中信投資級公司債,29.92,OTC,2026-09-24,2026-09-25 21:07:52
00863B,中信全球電信債,30.05,OTC,2026-09-24,2026-09-25 21:07:52
00864B,中信美國公債0-1,46.17,OTC,2026-09-24,2026-09-25 21:07:52
00867B,台新A-BBB電信債,29.06,OTC,2026-09-24,2026-09-25 21:07:52
00870B,元大15年EM主權債,26.94,OTC,2026-09-24,2026-09-25 21:07:52
00877,復華中國5G,37.93,OTC,2026-09-24,2026-09-25 21:07:52
00884B,中信低碳新興債,28.28,OTC,2026-09-24,2026-09-25 21:07:52
00886,永豐美國科技,49.66,OTC,2026-09-24,2026-09-25 21:07:52
00887,永豐中國科技50大,15.89,OTC,2026-09-24,2026-09-25 21:07:52
00888,永豐台灣ESG,36.0,OTC,2026-09-24,2026-09-25 21:07:52
00890B,凱基ESG BBB債15+,30.68,OTC,2026-09-24,2026-09-25 21:07:52
00928,中信上櫃ESG 30,33.33,OTC,2026-09-24,2026-09-25 21:07:52
00931B,統一美債20年,12.78,OTC,2026-09-24,2026-09-25 21:07:52
00933B,國泰10Y+金融債,15.24,OTC,2026-09-24,2026-09-25 21:07:52
00937B,群益ESG投等債20+,14.11,OTC,2026-09-24,2026-09-25 21:07:52
00942B,台新美A公司債20+,13.53,OTC,2026-09-24,2026-09-25 21:07:52
00948B,中信優息投資級債,9.01,OTC,2026-09-24,2026-09-25 21:07:52
00950B,凱基A級公司債,13.42,OTC,2026-09-24,2026-09-25 21:07:52
00955,中信日本商社,16.08,OTC,2026-09-24,2026-09-25 21:07:52
00957B,兆豐US優選投等債,12.78,OTC,2026-09-24,2026-09-25 21:07:52
00958B,永豐ESG銀行債15+,8.83,OTC,2026-09-24,2026-09-25 21:07:52
00959B,大華投等美債15Y+,8.98,OTC,2026-09-24,2026-09-25 21:07:52
00966B,統一ESG投等債15+,13.32,OTC,2026-09-24,2026-09-25 21:07:52
00967B,元大優息美債,8.68,OTC,2026-09-24,2026-09-25 21:07:52
00968B,元大優息投等債,8.83,OTC,2026-09-24,2026-09-25 21:07:52
00969B,元大零息超長美債,7.83,OTC,2026-09-24,2026-09-25 21:07:52
00970B,台新BBB投等債20+,8.92,OTC,2026-09-24,2026-09-25 21:07:52
009806,台新標普500,13.74,OTC,2026-09-24,2026-09-25 21:07:52
009807,台新標普科技精選,17.81,OTC,2026-09-24,2026-09-25 21:07:52
00980B,台新特選IG債10+,9.04,OTC,2026-09-24,2026-09-25 21:07:52
00980D,主動聯博投等入息,19.73,OTC,2026-09-24,2026-09-25 21:07:52
00980T,平衡凱基美國TOP,12.03,OTC,2026-09-24,2026-09-25 21:07:52
009814,富邦標普500,11.41,OTC,2026-09-24,2026-09-25 21:07:52
009815,大華美國MAG7+,11.93,OTC,2026-09-24,2026-09-25 21:07:52
00981B,第一金優選非投債,9.02,OTC,2026-09-24,2026-09-25 21:07:52
00981D,主動中信非投等債,10.16,OTC,2026-09-24,2026-09-25 21:07:52
009822,華南永昌未來金融,9.88,OTC,2026-09-24,2026-09-25 21:07:52
009823,群益S&P500,10.46,OTC,2026-09-24,2026-09-25 21:07:52
009825,聯邦美國金融創新,9.92,OTC,2026-09-24,2026-09-25 21:07:52
00982B,FT投資級債20+,9.31,OTC,2026-09-24,2026-09-25 21:07:52
00983B,大華優利美公債20,14.82,OTC,2026-09-24,2026-09-25 21:07:52
00984B,大華優利美A債15,15.59,OTC,2026-09-24,2026-09-25 21:07:52
00985D,主動貝萊德優投等,9.65,OTC,2026-09-24,2026-09-25 21:07:52
00986B,FT金融債10+,9.36,OTC,2026-09-24,2026-09-25 21:07:52
00986D,主動復華金融債息,14.08,OTC,2026-09-24,2026-09-25 21:07:52
00987B,野村10+澳洲公債,15.44,OTC,2026-09-24,2026-09-25 21:07:52
00987D,主動統一美債量化,9.71,OTC,2026-09-24,2026-09-25 21:07:52
00988B,玉山嚴選非投債,19.31,OTC,2026-09-24,2026-09-25 21:07:52
00989B,台新美國非投等債,9.93,OTC,2026-09-24,2026-09-25 21:07:52
00990B,國泰收益非投等債,9.88,OTC,2026-09-24,2026-09-25 21:07:52
00998A,主動復華金融股息,16.63,OTC,2026-09-24,2026-09-25 21:07:52
020001,富邦存股雙十N,0.0,OTC,2026-09-24,2026-09-25 21:07:52
020025,統一亞洲半導體N,40.33,OTC,2026-09-24,2026-09-25 21:07:52
020033,統一恒生科期N,3.47,OTC,2026-09-24,2026-09-25 21:07:52
020035,元大上櫃ESG高息N,0.0,OTC,2026-09-24,2026-09-25 21:07:52
020040,元大上櫃ESG龍頭N,0.0,OTC,2026-09-24,2026-09-25 21:07:52
020041,兆豐半導體氣候N,20.95,OTC,2026-09-24,2026-09-25 21:07:52
1240,茂生農經,55.2,OTC,2026-09-24,2026-09-25 21:07:52
1259,安心,68.0,OTC,2026-09-24,2026-09-25 21:07:52
1264,德麥,244.5,OTC,2026-09-24,2026-09-25 21:07:52
1268,漢來美食,174.5,OTC,2026-09-24,2026-09-25 21:07:52
1294,漢田生技,50.3,OTC,2026-09-24,2026-09-25 21:07:52
1295,生合,47.1,OTC,2026-09-24,2026-09-25 21:07:52
1336,台翰,17.1,OTC,2026-09-24,2026-09-25 21:07:52
1565,精華,95.5,OTC,2026-09-24,2026-09-25 21:07:52
1569,濱川,64.7,OTC,2026-09-24,2026-09-25 21:07:52
1570,力肯,32.85,OTC,2026-09-24,2026-09-25 21:07:52
1580,新麥,97.0,OTC,2026-09-24,2026-09-25 21:07:52
1584,精剛,18.0,OTC,2026-09-24,2026-09-25 21:07:52
1586,和勤,18.0,OTC,2026-09-24,2026-09-25 21:07:52
1591,駿吉-KY,40.4,OTC,2026-09-24,2026-09-25 21:07:52
1593,祺驊,31.8,OTC,2026-09-24,2026-09-25 21:07:52
1595,川寶,77.4,OTC,2026-09-24,2026-09-25 21:07:52
1599,宏佳騰,23.05,OTC,2026-09-24,2026-09-25 21:07:52
1742,台蠟,17.5,OTC,2026-09-24,2026-09-25 21:07:52
1777,生泰,74.3,OTC,2026-09-24,2026-09-25 21:07:52
1780,立弘,24.7,OTC,2026-09-24,2026-09-25 21:07:52
1781,合世,10.05,OTC,2026-09-24,2026-09-25 21:07:52
1784,訊聯,61.3,OTC,2026-09-24,2026-09-25 21:07:52
1785,光洋科,95.8,OTC,2026-09-24,2026-09-25 21:07:52
1788,杏昌,128.0,OTC,2026-09-24,2026-09-25 21:07:52
1796,金穎生技,29.5,OTC,2026-09-24,2026-09-25 21:07:52
1799,易威,28.9,OTC,2026-09-24,2026-09-25 21:07:52
1813,寶利徠,11.3,OTC,2026-09-24,2026-09-25 21:07:52
1815,富喬,116.0,OTC,2026-09-24,2026-09-25 21:07:52
2035,唐榮,26.5,OTC,2026-09-24,2026-09-25 21:07:52
2061,風青,54.0,OTC,2026-09-24,2026-09-25 21:07:52
2063,世鎧,23.6,OTC,2026-09-24,2026-09-25 21:07:52
2064,晉椿,0.0,OTC,2026-09-24,2026-09-25 21:07:52
2065,世豐,35.2,OTC,2026-09-24,2026-09-25 21:07:52
2066,世德,52.9,OTC,2026-09-24,2026-09-25 21:07:52
2067,嘉鋼,5.22,OTC,2026-09-24,2026-09-25 21:07:52
2070,精湛,61.0,OTC,2026-09-24,2026-09-25 21:07:52
2073,雄順,0.0,OTC,2026-09-24,2026-09-25 21:07:52
2221,大甲,164.0,OTC,2026-09-24,2026-09-25 21:07:52
2230,泰茂,22.45,OTC,2026-09-24,2026-09-25 21:07:52
2235,謚源,28.3,OTC,2026-09-24,2026-09-25 21:07:52
2596,綠意,35.45,OTC,2026-09-24,2026-09-25 21:07:52
2640,大車隊,157.0,OTC,2026-09-24,2026-09-25 21:07:52
2641,正德,17.55,OTC,2026-09-24,2026-09-25 21:07:52
2643,捷迅,62.7,OTC,2026-09-24,2026-09-25 21:07:52
2718,全心投控,40.8,OTC,2026-09-24,2026-09-25 21:07:52
2719,燦星旅,19.55,OTC,2026-09-24,2026-09-25 21:07:52
2724,藝舍-KY,13.1,OTC,2026-09-24,2026-09-25 21:07:52
2726,雅茗-KY,8.08,OTC,2026-09-24,2026-09-25 21:07:52
2729,瓦城,157.5,OTC,2026-09-24,2026-09-25 21:07:52
2732,六角,63.2,OTC,2026-09-24,2026-09-25 21:07:52
2734,易飛網,14.5,OTC,2026-09-24,2026-09-25 21:07:52
2736,富野,11.25,OTC,2026-09-24,2026-09-25 21:07:52
2740,華軒,30.7,OTC,2026-09-24,2026-09-25 21:07:52
2743,山富,54.3,OTC,2026-09-24,2026-09-25 21:07:52
2745,五福,84.6,OTC,2026-09-24,2026-09-25 21:07:52
2751,王座,54.3,OTC,2026-09-24,2026-09-25 21:07:52
2752,豆府,178.0,OTC,2026-09-24,2026-09-25 21:07:52
2754,亞洲藏壽司,68.3,OTC,2026-09-24,2026-09-25 21:07:52
2755,揚秦,98.7,OTC,2026-09-24,2026-09-25 21:07:52
2756,聯發國際,63.0,OTC,2026-09-24,2026-09-25 21:07:52
2916,滿心,40.6,OTC,2026-09-24,2026-09-25 21:07:52
2924,宏太-KY,19.0,OTC,2026-09-24,2026-09-25 21:07:52
2926,誠品生活,0.0,OTC,2026-09-24,2026-09-25 21:07:52
2937,集雅社,0.0,OTC,2026-09-24,2026-09-25 21:07:52
2938,床的世界,18.9,OTC,2026-09-24,2026-09-25 21:07:52
2941,米斯特,32.3,OTC,2026-09-24,2026-09-25 21:07:52
2947,振宇五金,0.0,OTC,2026-09-24,2026-09-25 21:07:52
2948,寶陞,36.5,OTC,2026-09-24,2026-09-25 21:07:52
2949,欣新網,64.0,OTC,2026-09-24,2026-09-25 21:07:52
3064,泰偉,0.0,OTC,2026-09-24,2026-09-25 21:07:52
3066,李洲,27.4,OTC,2026-09-24,2026-09-25 21:07:52
3067,全域,0.0,OTC,2026-09-24,2026-09-25 21:07:52
3071,協禧,23.0,OTC,2026-09-24,2026-09-25 21:07:52
3073,天方能源,20.3,OTC,2026-09-24,2026-09-25 21:07:52
3078,僑威,45.45,OTC,2026-09-24,2026-09-25 21:07:52
3081,聯亞,2700.0,OTC,2026-09-24,2026-09-25 21:07:52
3083,網龍,22.85,OTC,2026-09-24,2026-09-25 21:07:52
3085,新零售,11.45,OTC,2026-09-24,2026-09-25 21:07:52
3086,華義*,28.3,OTC,2026-09-24,2026-09-25 21:07:52
3088,艾訊,129.5,OTC,2026-09-24,2026-09-25 21:07:52
3093,港建*,44.8,OTC,2026-09-24,2026-09-25 21:07:52
3095,及成,34.0,OTC,2026-09-24,2026-09-25 21:07:52
3105,穩懋,502.0,OTC,2026-09-24,2026-09-25 21:07:52
3114,好德,34.25,OTC,2026-09-24,2026-09-25 21:07:52
3115,富榮綱,7.98,OTC,2026-09-24,2026-09-25 21:07:52
3118,進階,30.85,OTC,2026-09-24,2026-09-25 21:07:52
3122,笙泉,24.0,OTC,2026-09-24,2026-09-25 21:07:52
3128,昇銳,20.35,OTC,2026-09-24,2026-09-25 21:07:52
3131,弘塑,2410.0,OTC,2026-09-24,2026-09-25 21:07:52
3141,晶宏,83.9,OTC,2026-09-24,2026-09-25 21:07:52
3147,大綜,243.0,OTC,2026-09-24,2026-09-25 21:07:52
3152,璟德,231.5,OTC,2026-09-24,2026-09-25 21:07:52
3158,嘉實,85.4,OTC,2026-09-24,2026-09-25 21:07:52
3162,精確,73.6,OTC,2026-09-24,2026-09-25 21:07:52
3163,波若威,653.0,OTC,2026-09-24,2026-09-25 21:07:52
3169,亞信,114.5,OTC,2026-09-24,2026-09-25 21:07:52
3171,炎洲流通,59.0,OTC,2026-09-24,2026-09-25 21:07:52
3176,基亞,37.75,OTC,2026-09-24,2026-09-25 21:07:52
3178,公準,68.9,OTC,2026-09-24,2026-09-25 21:07:52
3188,鑫龍騰,23.5,OTC,2026-09-24,2026-09-25 21:07:52
3191,雲嘉南,16.75,OTC,2026-09-24,2026-09-25 21:07:52
3205,佰研,46.95,OTC,2026-09-24,2026-09-25 21:07:52
3206,志豐,34.6,OTC,2026-09-24,2026-09-25 21:07:52
3207,耀勝,37.95,OTC,2026-09-24,2026-09-25 21:07:52
3211,順達,378.5,OTC,2026-09-24,2026-09-25 21:07:52
3213,茂訊,124.5,OTC,2026-09-24,2026-09-25 21:07:52
3217,優群,129.5,OTC,2026-09-24,2026-09-25 21:07:52
3218,大學光,134.5,OTC,2026-09-24,2026-09-25 21:07:52
3219,倚強科,114.5,OTC,2026-09-24,2026-09-25 21:07:52
3221,台嘉碩,49.1,OTC,2026-09-24,2026-09-25 21:07:52
3224,三顧,31.9,OTC,2026-09-24,2026-09-25 21:07:52
3226,龍鋒,58.5,OTC,2026-09-24,2026-09-25 21:07:52
3227,原相,183.5,OTC,2026-09-24,2026-09-25 21:07:52
3228,金麗科,174.0,OTC,2026-09-24,2026-09-25 21:07:52
3230,錦明,40.2,OTC,2026-09-24,2026-09-25 21:07:52
3232,昱捷,21.1,OTC,2026-09-24,2026-09-25 21:07:52
3234,光環,178.0,OTC,2026-09-24,2026-09-25 21:07:52
3236,千如,43.85,OTC,2026-09-24,2026-09-25 21:07:52
3252,海灣,15.3,OTC,2026-09-24,2026-09-25 21:07:52
3259,鑫創,9.95,OTC,2026-09-24,2026-09-25 21:07:52
3260,威剛,378.0,OTC,2026-09-24,2026-09-25 21:07:52
3264,欣銓,246.0,OTC,2026-09-24,2026-09-25 21:07:52
3265,台星科,183.0,OTC,2026-09-24,2026-09-25 21:07:52
3268,海德威,19.95,OTC,2026-09-24,2026-09-25 21:07:52
3272,東碩,13.95,OTC,2026-09-24,2026-09-25 21:07:52
3276,宇環,13.8,OTC,2026-09-24,2026-09-25 21:07:52
3284,太普高,19.75,OTC,2026-09-24,2026-09-25 21:07:52
3285,微端,41.45,OTC,2026-09-24,2026-09-25 21:07:52
3287,廣寰科,41.05,OTC,2026-09-24,2026-09-25 21:07:52
3288,點晶,21.0,OTC,2026-09-24,2026-09-25 21:07:52
3289,宜特,140.0,OTC,2026-09-24,2026-09-25 21:07:52
3290,東浦,46.25,OTC,2026-09-24,2026-09-25 21:07:52
3293,鈊象,761.0,OTC,2026-09-24,2026-09-25 21:07:52
3294,英濟,33.65,OTC,2026-09-24,2026-09-25 21:07:52
3297,杭特,34.35,OTC,2026-09-24,2026-09-25 21:07:52
3303,岱稜,48.2,OTC,2026-09-24,2026-09-25 21:07:52
3306,鼎天,45.65,OTC,2026-09-24,2026-09-25 21:07:52
3310,佳穎,68.3,OTC,2026-09-24,2026-09-25 21:07:52
3313,斐成,10.5,OTC,2026-09-24,2026-09-25 21:07:52
3317,尼克森,68.3,OTC,2026-09-24,2026-09-25 21:07:52
3322,建舜電,11.1,OTC,2026-09-24,2026-09-25 21:07:52
3323,加百裕,27.85,OTC,2026-09-24,2026-09-25 21:07:52
3324,雙鴻,1710.0,OTC,2026-09-24,2026-09-25 21:07:52
3325,旭品,11.95,OTC,2026-09-24,2026-09-25 21:07:52
3332,幸康,61.5,OTC,2026-09-24,2026-09-25 21:07:52
3339,泰谷,47.2,OTC,2026-09-24,2026-09-25 21:07:52
3349,寶德,19.9,OTC,2026-09-24,2026-09-25 21:07:52
3354,律勝,30.0,OTC,2026-09-24,2026-09-25 21:07:52
3357,臺慶科,206.0,OTC,2026-09-24,2026-09-25 21:07:52
3360,尚立,15.05,OTC,2026-09-24,2026-09-25 21:07:52
3362,先進光,173.0,OTC,2026-09-24,2026-09-25 21:07:52
3363,上詮,652.0,OTC,2026-09-24,2026-09-25 21:07:52
3372,典範,15.8,OTC,2026-09-24,2026-09-25 21:07:52
3373,熱映,16.0,OTC,2026-09-24,2026-09-25 21:07:52
3374,精材,449.0,OTC,2026-09-24,2026-09-25 21:07:52
3379,彬台,27.25,OTC,2026-09-24,2026-09-25 21:07:52
3388,崇越電,82.0,OTC,2026-09-24,2026-09-25 21:07:52
3390,旭軟,21.85,OTC,2026-09-24,2026-09-25 21:07:52
3402,漢科,129.5,OTC,2026-09-24,2026-09-25 21:07:52
3430,奇鈦科,112.5,OTC,2026-09-24,2026-09-25 21:07:52
3434,哲固,31.6,OTC,2026-09-24,2026-09-25 21:07:52
3438,類比科,61.1,OTC,2026-09-24,2026-09-25 21:07:52
3441,聯一光,181.0,OTC,2026-09-24,2026-09-25 21:07:52
3444,利機,80.3,OTC,2026-09-24,2026-09-25 21:07:52
3455,由田,258.0,OTC,2026-09-24,2026-09-25 21:07:52
3465,進泰電子,29.65,OTC,2026-09-24,2026-09-25 21:07:52
3466,德晉,23.9,OTC,2026-09-24,2026-09-25 21:07:52
3467,台灣精材,81.5,OTC,2026-09-24,2026-09-25 21:07:52
3479,安勤,136.0,OTC,2026-09-24,2026-09-25 21:07:52
3483,力致,77.5,OTC,2026-09-24,2026-09-25 21:07:52
3484,崧騰,46.25,OTC,2026-09-24,2026-09-25 21:07:52
3485,敘豐,200.0,OTC,2026-09-24,2026-09-25 21:07:52
3489,森寶,22.65,OTC,2026-09-24,2026-09-25 21:07:52
3490,單井,45.05,OTC,2026-09-24,2026-09-25 21:07:52
3491,昇達科,1555.0,OTC,2026-09-24,2026-09-25 21:07:52
3492,長盛,19.15,OTC,2026-09-24,2026-09-25 21:07:52
3498,陽程,214.0,OTC,2026-09-24,2026-09-25 21:07:52
3499,環天科,13.7,OTC,2026-09-24,2026-09-25 21:07:52
3508,位速,26.2,OTC,2026-09-24,2026-09-25 21:07:52
3511,矽瑪,19.4,OTC,2026-09-24,2026-09-25 21:07:52
3512,皇龍,19.25,OTC,2026-09-24,2026-09-25 21:07:52
3516,亞帝歐,25.1,OTC,2026-09-24,2026-09-25 21:07:52
3520,華盈,17.2,OTC,2026-09-24,2026-09-25 21:07:52
3521,台鋼建設,11.8,OTC,2026-09-24,2026-09-25 21:07:52
3522,御嵿,12.65,OTC,2026-09-24,2026-09-25 21:07:52
3523,迎輝,14.95,OTC,2026-09-24,2026-09-25 21:07:52
3526,凡甲,270.0,OTC,2026-09-24,2026-09-25 21:07:52
3527,聚積,51.0,OTC,2026-09-24,2026-09-25 21:07:52
3529,力旺,3230.0,OTC,2026-09-24,2026-09-25 21:07:52
3531,先益,21.25,OTC,2026-09-24,2026-09-25 21:07:52
3537,堡達,53.2,OTC,2026-09-24,2026-09-25 21:07:52
3540,曜越,22.75,OTC,2026-09-24,2026-09-25 21:07:52
3541,西柏,24.5,OTC,2026-09-24,2026-09-25 21:07:52
3546,宇峻,73.1,OTC,2026-09-24,2026-09-25 21:07:52
3548,兆利,77.1,OTC,2026-09-24,2026-09-25 21:07:52
3551,世禾,182.5,OTC,2026-09-24,2026-09-25 21:07:52
3552,同致,45.4,OTC,2026-09-24,2026-09-25 21:07:52
3555,博士旺,166.0,OTC,2026-09-24,2026-09-25 21:07:52
3556,禾瑞亞,57.5,OTC,2026-09-24,2026-09-25 21:07:52
3558,神準,122.0,OTC,2026-09-24,2026-09-25 21:07:52
3564,其陽,49.45,OTC,2026-09-24,2026-09-25 21:07:52
3567,逸昌,25.6,OTC,2026-09-24,2026-09-25 21:07:52
3570,大塚,168.0,OTC,2026-09-24,2026-09-25 21:07:52
3577,泓格,114.0,OTC,2026-09-24,2026-09-25 21:07:52
3580,友威科,102.0,OTC,2026-09-24,2026-09-25 21:07:52
3581,博磊,104.0,OTC,2026-09-24,2026-09-25 21:07:52
3587,閎康,238.5,OTC,2026-09-24,2026-09-25 21:07:52
3594,磐儀,46.7,OTC,2026-09-24,2026-09-25 21:07:52
3597,映興,27.7,OTC,2026-09-24,2026-09-25 21:07:52
3609,三一東林,23.05,OTC,2026-09-24,2026-09-25 21:07:52
3611,鼎翰,183.0,OTC,2026-09-24,2026-09-25 21:07:52
3615,安可,37.9,OTC,2026-09-24,2026-09-25 21:07:52
3623,富晶通,28.3,OTC,2026-09-24,2026-09-25 21:07:52
3624,光頡,140.0,OTC,2026-09-24,2026-09-25 21:07:52
3625,西勝,11.5,OTC,2026-09-24,2026-09-25 21:07:52
3628,盈正,74.3,OTC,2026-09-24,2026-09-25 21:07:52
3629,地心引力,0.0,OTC,2026-09-24,2026-09-25 21:07:52
3630,新鉅科,27.0,OTC,2026-09-24,2026-09-25 21:07:52
3631,晟楠,40.15,OTC,2026-09-24,2026-09-25 21:07:52
3632,研勤,7.2,OTC,2026-09-24,2026-09-25 21:07:52
3646,艾恩特,24.75,OTC,2026-09-24,2026-09-25 21:07:52
3663,鑫科,61.5,OTC,2026-09-24,2026-09-25 21:07:52
3664,安瑞-KY,8.86,OTC,2026-09-24,2026-09-25 21:07:52
3666,光耀,25.2,OTC,2026-09-24,2026-09-25 21:07:52
3672,康聯訊,12.6,OTC,2026-09-24,2026-09-25 21:07:52
3675,德微,335.0,OTC,2026-09-24,2026-09-25 21:07:52
3680,家登,542.0,OTC,2026-09-24,2026-09-25 21:07:52
3684,榮昌,53.2,OTC,2026-09-24,2026-09-25 21:07:52
3685,元創精密,35.2,OTC,2026-09-24,2026-09-25 21:07:52
3687,歐買尬,60.3,OTC,2026-09-24,2026-09-25 21:07:52
3689,湧德,110.5,OTC,2026-09-24,2026-09-25 21:07:52
3691,碩禾,121.0,OTC,2026-09-24,2026-09-25 21:07:52
3693,營邦,729.0,OTC,2026-09-24,2026-09-25 21:07:52
3707,漢磊,72.8,OTC,2026-09-24,2026-09-25 21:07:52
3709,鑫聯大投控,63.1,OTC,2026-09-24,2026-09-25 21:07:52
3710,連展投控,7.82,OTC,2026-09-24,2026-09-25 21:07:52
3713,新晶投控,14.0,OTC,2026-09-24,2026-09-25 21:07:52
3718,中光電投控,65.1,OTC,2026-09-24,2026-09-25 21:07:52
4102,永日,18.5,OTC,2026-09-24,2026-09-25 21:07:52
4105,東洋,78.3,OTC,2026-09-24,2026-09-25 21:07:52
4107,邦特,110.0,OTC,2026-09-24,2026-09-25 21:07:52
4109,加捷生醫,11.05,OTC,2026-09-24,2026-09-25 21:07:52
4111,濟生,28.7,OTC,2026-09-24,2026-09-25 21:07:52
4113,聯上,15.55,OTC,2026-09-24,2026-09-25 21:07:52
4114,健喬,29.4,OTC,2026-09-24,2026-09-25 21:07:52
4116,明基醫,39.3,OTC,2026-09-24,2026-09-25 21:07:52
4120,友華,46.0,OTC,2026-09-24,2026-09-25 21:07:52
4121,優盛,12.8,OTC,2026-09-24,2026-09-25 21:07:52
4123,晟德,30.95,OTC,2026-09-24,2026-09-25 21:07:52
4126,太醫,77.8,OTC,2026-09-24,2026-09-25 21:07:52
4127,天良,48.7,OTC,2026-09-24,2026-09-25 21:07:52
4128,中天,14.85,OTC,2026-09-24,2026-09-25 21:07:52
4129,聯合,82.3,OTC,2026-09-24,2026-09-25 21:07:52
4131,浩泰,32.0,OTC,2026-09-24,2026-09-25 21:07:52
4138,曜亞,56.3,OTC,2026-09-24,2026-09-25 21:07:52
4139,馬光-KY,41.55,OTC,2026-09-24,2026-09-25 21:07:52
4147,中裕,62.1,OTC,2026-09-24,2026-09-25 21:07:52
4153,鈺緯,31.6,OTC,2026-09-24,2026-09-25 21:07:52
4154,樂威科-KY,11.85,OTC,2026-09-24,2026-09-25 21:07:52
4157,太景*-KY,8.85,OTC,2026-09-24,2026-09-25 21:07:52
4160,訊聯基因,39.45,OTC,2026-09-24,2026-09-25 21:07:52
4161,聿新科,22.25,OTC,2026-09-24,2026-09-25 21:07:52
4162,智擎,55.5,OTC,2026-09-24,2026-09-25 21:07:52
4163,鐿鈦,134.0,OTC,2026-09-24,2026-09-25 21:07:52
4166,友霖,24.0,OTC,2026-09-24,2026-09-25 21:07:52
4167,松瑞藥,19.4,OTC,2026-09-24,2026-09-25 21:07:52
4168,醣聯,21.95,OTC,2026-09-24,2026-09-25 21:07:52
4171,瑞基,16.25,OTC,2026-09-24,2026-09-25 21:07:52
4173,久裕,17.1,OTC,2026-09-24,2026-09-25 21:07:52
4174,浩鼎,32.45,OTC,2026-09-24,2026-09-25 21:07:52
4175,杏一,51.0,OTC,2026-09-24,2026-09-25 21:07:52
4183,福永生技,13.3,OTC,2026-09-24,2026-09-25 21:07:52
4188,安克,14.2,OTC,2026-09-24,2026-09-25 21:07:52
4192,杏國,0.0,OTC,2026-09-24,2026-09-25 21:07:52
4198,欣大健康,49.8,OTC,2026-09-24,2026-09-25 21:07:52
4205,中華食,68.5,OTC,2026-09-24,2026-09-25 21:07:52
4207,環泰,19.55,OTC,2026-09-24,2026-09-25 21:07:52
4303,信立,34.05,OTC,2026-09-24,2026-09-25 21:07:52
4304,勝昱,18.0,OTC,2026-09-24,2026-09-25 21:07:52
4305,世坤,41.95,OTC,2026-09-24,2026-09-25 21:07:52
4401,東隆興,13.65,OTC,2026-09-24,2026-09-25 21:07:52
4402,郡都開發,14.1,OTC,2026-09-24,2026-09-25 21:07:52
4406,新昕纖,10.25,OTC,2026-09-24,2026-09-25 21:07:52
4413,飛寶企業,21.15,OTC,2026-09-24,2026-09-25 21:07:52
4416,三圓,13.7,OTC,2026-09-24,2026-09-25 21:07:52
4417,金洲,49.8,OTC,2026-09-24,2026-09-25 21:07:52
4419,皇家美食,47.0,OTC,2026-09-24,2026-09-25 21:07:52
4420,光明,35.8,OTC,2026-09-24,2026-09-25 21:07:52
4430,耀億,17.3,OTC,2026-09-24,2026-09-25 21:07:52
4432,銘旺實,15.5,OTC,2026-09-24,2026-09-25 21:07:52
4433,興采,18.3,OTC,2026-09-24,2026-09-25 21:07:52
4442,竣邦-KY,54.0,OTC,2026-09-24,2026-09-25 21:07:52
4502,健信,15.7,OTC,2026-09-24,2026-09-25 21:07:52
4503,金雨,24.1,OTC,2026-09-24,2026-09-25 21:07:52
4506,崇友,118.5,OTC,2026-09-24,2026-09-25 21:07:52
4510,高鋒,43.1,OTC,2026-09-24,2026-09-25 21:07:52
4513,福裕,16.45,OTC,2026-09-24,2026-09-25 21:07:52
4523,永彰,23.6,OTC,2026-09-24,2026-09-25 21:07:52
4527,方土霖,40.85,OTC,2026-09-24,2026-09-25 21:07:52
4528,江興鍛,14.95,OTC,2026-09-24,2026-09-25 21:07:52
4529,淳紳,3.3,OTC,2026-09-24,2026-09-25 21:07:52
4530,天意能創,24.1,OTC,2026-09-24,2026-09-25 21:07:52
4533,協易機,25.15,OTC,2026-09-24,2026-09-25 21:07:52
4534,慶騰,31.6,OTC,2026-09-24,2026-09-25 21:07:52
4535,至興,26.8,OTC,2026-09-24,2026-09-25 21:07:52
4538,大詠城,17.5,OTC,2026-09-24,2026-09-25 21:07:52
4541,晟田,59.3,OTC,2026-09-24,2026-09-25 21:07:52
4542,科嶠,328.0,OTC,2026-09-24,2026-09-25 21:07:52
4543,萬在,28.45,OTC,2026-09-24,2026-09-25 21:07:52
4549,桓達,97.1,OTC,2026-09-24,2026-09-25 21:07:52
4550,長佳,24.0,OTC,2026-09-24,2026-09-25 21:07:52
4554,橙的,28.25,OTC,2026-09-24,2026-09-25 21:07:52
4556,旭然,92.1,OTC,2026-09-24,2026-09-25 21:07:52
4558,寶緯,17.1,OTC,2026-09-24,2026-09-25 21:07:52
4561,健椿,42.3,OTC,2026-09-24,2026-09-25 21:07:52
4563,百德,51.2,OTC,2026-09-24,2026-09-25 21:07:52
4568,科際精密,39.2,OTC,2026-09-24,2026-09-25 21:07:52
4577,達航科技,83.8,OTC,2026-09-24,2026-09-25 21:07:52
4580,捷流閥業,80.8,OTC,2026-09-24,2026-09-25 21:07:52
4584,君帆,37.0,OTC,2026-09-24,2026-09-25 21:07:52
4609,唐鋒,0.0,OTC,2026-09-24,2026-09-25 21:07:52
4702,中美實,9.34,OTC,2026-09-24,2026-09-25 21:07:52
4706,大恭,34.0,OTC,2026-09-24,2026-09-25 21:07:52
4707,磐亞,30.0,OTC,2026-09-24,2026-09-25 21:07:52
4711,永純,16.35,OTC,2026-09-24,2026-09-25 21:07:52
4714,永捷,11.9,OTC,2026-09-24,2026-09-25 21:07:52
4716,大立,17.05,OTC,2026-09-24,2026-09-25 21:07:52
4721,美琪瑪,77.4,OTC,2026-09-24,2026-09-25 21:07:52
4726,永昕,22.35,OTC,2026-09-24,2026-09-25 21:07:52
4728,雙美,395.0,OTC,2026-09-24,2026-09-25 21:07:52
4729,熒茂,18.8,OTC,2026-09-24,2026-09-25 21:07:52
4735,豪展,35.8,OTC,2026-09-24,2026-09-25 21:07:52
4741,泓瀚,37.8,OTC,2026-09-24,2026-09-25 21:07:52
4743,合一,44.75,OTC,2026-09-24,2026-09-25 21:07:52
4744,皇將,28.05,OTC,2026-09-24,2026-09-25 21:07:52
4745,合富-KY,11.95,OTC,2026-09-24,2026-09-25 21:07:52
4747,強生*,23.8,OTC,2026-09-24,2026-09-25 21:07:52
4749,新應材,728.0,OTC,2026-09-24,2026-09-25 21:07:52
4754,國碳科,37.8,OTC,2026-09-24,2026-09-25 21:07:52
4760,勤凱,268.5,OTC,2026-09-24,2026-09-25 21:07:52
4767,誠泰科技,27.8,OTC,2026-09-24,2026-09-25 21:07:52
4768,晶呈科技,325.0,OTC,2026-09-24,2026-09-25 21:07:52
4772,台特化,248.5,OTC,2026-09-24,2026-09-25 21:07:52
4903,聯光通,43.0,OTC,2026-09-24,2026-09-25 21:07:52
4905,台聯電,77.6,OTC,2026-09-24,2026-09-25 21:07:52
4907,富宇,45.25,OTC,2026-09-24,2026-09-25 21:07:52
4908,前鼎,210.0,OTC,2026-09-24,2026-09-25 21:07:52
4909,新復興,34.35,OTC,2026-09-24,2026-09-25 21:07:52
4911,德英,28.85,OTC,2026-09-24,2026-09-25 21:07:52
4923,力士,64.0,OTC,2026-09-24,2026-09-25 21:07:52
4924,欣厚-KY,16.1,OTC,2026-09-24,2026-09-25 21:07:52
4931,新盛力,241.5,OTC,2026-09-24,2026-09-25 21:07:52
4933,友輝,53.3,OTC,2026-09-24,2026-09-25 21:07:52
4939,亞電,73.7,OTC,2026-09-24,2026-09-25 21:07:52
4946,辣椒,98.0,OTC,2026-09-24,2026-09-25 21:07:52
4950,金耘國際,15.75,OTC,2026-09-24,2026-09-25 21:07:52
4951,精拓科,88.2,OTC,2026-09-24,2026-09-25 21:07:52
4953,緯致,117.5,OTC,2026-09-24,2026-09-25 21:07:52
4966,譜瑞-KY,572.0,OTC,2026-09-24,2026-09-25 21:07:52
4971,IET-KY,552.0,OTC,2026-09-24,2026-09-25 21:07:52
4972,湯石照明,16.35,OTC,2026-09-24,2026-09-25 21:07:52
4973,廣穎,134.0,OTC,2026-09-24,2026-09-25 21:07:52
4974,亞泰,70.5,OTC,2026-09-24,2026-09-25 21:07:52
4979,華星光,563.0,OTC,2026-09-24,2026-09-25 21:07:52
4991,環宇-KY,463.5,OTC,2026-09-24,2026-09-25 21:07:52
4995,晶達,49.8,OTC,2026-09-24,2026-09-25 21:07:52
5009,榮剛,32.0,OTC,2026-09-24,2026-09-25 21:07:52
5011,久陽,18.3,OTC,2026-09-24,2026-09-25 21:07:52
5013,強新,32.05,OTC,2026-09-24,2026-09-25 21:07:52
5014,建錩,9.91,OTC,2026-09-24,2026-09-25 21:07:52
5015,華祺,21.5,OTC,2026-09-24,2026-09-25 21:07:52
5016,松和,24.65,OTC,2026-09-24,2026-09-25 21:07:52
5201,凱衛,29.3,OTC,2026-09-24,2026-09-25 21:07:52
5202,力新,14.6,OTC,2026-09-24,2026-09-25 21:07:52
5205,中茂,17.3,OTC,2026-09-24,2026-09-25 21:07:52
5206,坤悅,22.85,OTC,2026-09-24,2026-09-25 21:07:52
5209,新鼎,166.5,OTC,2026-09-24,2026-09-25 21:07:52
5210,寶碩,29.95,OTC,2026-09-24,2026-09-25 21:07:52
5211,蒙恬,20.1,OTC,2026-09-24,2026-09-25 21:07:52
5212,凌網,48.0,OTC,2026-09-24,2026-09-25 21:07:52
5213,亞昕,20.8,OTC,2026-09-24,2026-09-25 21:07:52
5220,萬達光電,20.0,OTC,2026-09-24,2026-09-25 21:07:52
5223,安力-KY,22.65,OTC,2026-09-24,2026-09-25 21:07:52
5227,立凱-KY,30.1,OTC,2026-09-24,2026-09-25 21:07:52
5228,鈺鎧,39.75,OTC,2026-09-24,2026-09-25 21:07:52
5230,雷笛克光學,23.3,OTC,2026-09-24,2026-09-25 21:07:52
5245,智晶,21.0,OTC,2026-09-24,2026-09-25 21:07:52
5251,天鉞電,30.55,OTC,2026-09-24,2026-09-25 21:07:52
5263,智崴,90.1,OTC,2026-09-24,2026-09-25 21:07:52
5272,笙科,17.2,OTC,2026-09-24,2026-09-25 21:07:52
5274,信驊,19835.0,OTC,2026-09-24,2026-09-25 21:07:52
5276,達輝-KY,18.45,OTC,2026-09-24,2026-09-25 21:07:52
5278,尚凡*,23.5,OTC,2026-09-24,2026-09-25 21:07:52
5287,數字,137.0,OTC,2026-09-24,2026-09-25 21:07:52
5289,宜鼎,1305.0,OTC,2026-09-24,2026-09-25 21:07:52
5291,邑昇,57.3,OTC,2026-09-24,2026-09-25 21:07:52
5299,杰力,101.5,OTC,2026-09-24,2026-09-25 21:07:52
5301,寶得利,4.96,OTC,2026-09-24,2026-09-25 21:07:52
5302,太欣,9.8,OTC,2026-09-24,2026-09-25 21:07:52
5309,系統電,53.8,OTC,2026-09-24,2026-09-25 21:07:52
5310,天剛,27.95,OTC,2026-09-24,2026-09-25 21:07:52
5312,寶島科,90.5,OTC,2026-09-24,2026-09-25 21:07:52
5314,世紀*,26.4,OTC,2026-09-24,2026-09-25 21:07:52
5315,光聯,18.85,OTC,2026-09-24,2026-09-25 21:07:52
5321,美而快,69.7,OTC,2026-09-24,2026-09-25 21:07:52
5324,士開,12.45,OTC,2026-09-24,2026-09-25 21:07:52
5328,華容,52.5,OTC,2026-09-24,2026-09-25 21:07:52
5340,建榮,81.3,OTC,2026-09-24,2026-09-25 21:07:52
5344,立衛,13.6,OTC,2026-09-24,2026-09-25 21:07:52
5345,馥鴻,0.0,OTC,2026-09-24,2026-09-25 21:07:52
5347,世界,170.5,OTC,2026-09-24,2026-09-25 21:07:52
5348,正能量智能,16.25,OTC,2026-09-24,2026-09-25 21:07:52
5351,鈺創,108.0,OTC,2026-09-24,2026-09-25 21:07:52
5353,台林,28.15,OTC,2026-09-24,2026-09-25 21:07:52
5355,佳總,6.8,OTC,2026-09-24,2026-09-25 21:07:52
5356,協益,25.85,OTC,2026-09-24,2026-09-25 21:07:52
5364,力麗店,8.33,OTC,2026-09-24,2026-09-25 21:07:52
5381,光譜,23.25,OTC,2026-09-24,2026-09-25 21:07:52
5386,青雲,285.0,OTC,2026-09-24,2026-09-25 21:07:52
5392,能率,39.35,OTC,2026-09-24,2026-09-25 21:07:52
5398,慕康生醫,13.9,OTC,2026-09-24,2026-09-25 21:07:52
5403,中菲,93.0,OTC,2026-09-24,2026-09-25 21:07:52
5410,國眾,33.0,OTC,2026-09-24,2026-09-25 21:07:52
5425,台半,94.5,OTC,2026-09-24,2026-09-25 21:07:52
5426,振發,27.9,OTC,2026-09-24,2026-09-25 21:07:52
5432,新門,167.5,OTC,2026-09-24,2026-09-25 21:07:52
5438,東友,17.1,OTC,2026-09-24,2026-09-25 21:07:52
5439,高技,253.0,OTC,2026-09-24,2026-09-25 21:07:52
5443,均豪,107.0,OTC,2026-09-24,2026-09-25 21:07:52
5450,南良,14.85,OTC,2026-09-24,2026-09-25 21:07:52
5452,佶優,27.5,OTC,2026-09-24,2026-09-25 21:07:52
5455,昇益,30.55,OTC,2026-09-24,2026-09-25 21:07:52
5457,宣德,23.85,OTC,2026-09-24,2026-09-25 21:07:52
5460,同協,16.85,OTC,2026-09-24,2026-09-25 21:07:52
5464,霖宏,88.9,OTC,2026-09-24,2026-09-25 21:07:52
5465,富驊,34.2,OTC,2026-09-24,2026-09-25 21:07:52
5468,凱鈺,24.55,OTC,2026-09-24,2026-09-25 21:07:52
5474,聰泰,161.0,OTC,2026-09-24,2026-09-25 21:07:52
5475,德宏,181.0,OTC,2026-09-24,2026-09-25 21:07:52
5478,智冠,97.0,OTC,2026-09-24,2026-09-25 21:07:52
5481,新華,21.9,OTC,2026-09-24,2026-09-25 21:07:52
5483,中美晶,188.5,OTC,2026-09-24,2026-09-25 21:07:52
5487,通泰,28.85,OTC,2026-09-24,2026-09-25 21:07:52
5488,松普,11.85,OTC,2026-09-24,2026-09-25 21:07:52
5489,彩富,44.0,OTC,2026-09-24,2026-09-25 21:07:52
5490,同亨,25.45,OTC,2026-09-24,2026-09-25 21:07:52
5493,三聯,92.8,OTC,2026-09-24,2026-09-25 21:07:52
5498,凱崴,50.1,OTC,2026-09-24,2026-09-25 21:07:52
5508,永信建,53.2,OTC,2026-09-24,2026-09-25 21:07:52
5511,德昌,70.1,OTC,2026-09-24,2026-09-25 21:07:52
5512,力麒,7.71,OTC,2026-09-24,2026-09-25 21:07:52
5514,三豐,14.9,OTC,2026-09-24,2026-09-25 21:07:52
5516,雙喜,12.35,OTC,2026-09-24,2026-09-25 21:07:52
5520,力泰,83.2,OTC,2026-09-24,2026-09-25 21:07:52
5523,豐謙,30.35,OTC,2026-09-24,2026-09-25 21:07:52
5529,鉅陞,26.25,OTC,2026-09-24,2026-09-25 21:07:52
5530,龍巖,48.85,OTC,2026-09-24,2026-09-25 21:07:52
5536,聖暉*,902.0,OTC,2026-09-24,2026-09-25 21:07:52
5543,桓鼎-KY,27.0,OTC,2026-09-24,2026-09-25 21:07:52
5547,久舜,19.9,OTC,2026-09-24,2026-09-25 21:07:52
5548,安倉,20.2,OTC,2026-09-24,2026-09-25 21:07:52
5601,台聯櫃,29.0,OTC,2026-09-24,2026-09-25 21:07:52
5603,陸海,13.55,OTC,2026-09-24,2026-09-25 21:07:52
5604,中連,31.2,OTC,2026-09-24,2026-09-25 21:07:52
5609,中菲行,78.6,OTC,2026-09-24,2026-09-25 21:07:52
5701,劍湖山,4.15,OTC,2026-09-24,2026-09-25 21:07:52
5703,亞都,0.0,OTC,2026-09-24,2026-09-25 21:07:52
5704,老爺知,22.6,OTC,2026-09-24,2026-09-25 21:07:52
5864,致和證,36.8,OTC,2026-09-24,2026-09-25 21:07:52
5878,台名,38.1,OTC,2026-09-24,2026-09-25 21:07:52
5902,德記,34.25,OTC,2026-09-24,2026-09-25 21:07:52
5903,全家,187.0,OTC,2026-09-24,2026-09-25 21:07:52
5904,寶雅*,69.3,OTC,2026-09-24,2026-09-25 21:07:52
5905,南仁湖,7.26,OTC,2026-09-24,2026-09-25 21:07:52
6015,宏遠證,17.6,OTC,2026-09-24,2026-09-25 21:07:52
6016,康和證,23.6,OTC,2026-09-24,2026-09-25 21:07:52
6020,大展證,20.5,OTC,2026-09-24,2026-09-25 21:07:52
6021,美好證,41.8,OTC,2026-09-24,2026-09-25 21:07:52
6023,元大期,86.4,OTC,2026-09-24,2026-09-25 21:07:52
6026,福邦證,15.85,OTC,2026-09-24,2026-09-25 21:07:52
6028,公勝保經,99.2,OTC,2026-09-24,2026-09-25 21:07:52
6101,寬魚國際,37.95,OTC,2026-09-24,2026-09-25 21:07:52
6103,合邦,40.9,OTC,2026-09-24,2026-09-25 21:07:52
6104,創惟,90.0,OTC,2026-09-24,2026-09-25 21:07:52
6109,亞元,10.45,OTC,2026-09-24,2026-09-25 21:07:52
6111,光聚晶電,37.05,OTC,2026-09-24,2026-09-25 21:07:52
6113,亞矽,22.2,OTC,2026-09-24,2026-09-25 21:07:52
6114,久威,23.3,OTC,2026-09-24,2026-09-25 21:07:52
6118,建達,16.0,OTC,2026-09-24,2026-09-25 21:07:52
6121,新普,376.0,OTC,2026-09-24,2026-09-25 21:07:52
6122,擎邦,58.2,OTC,2026-09-24,2026-09-25 21:07:52
6123,上奇,42.85,OTC,2026-09-24,2026-09-25 21:07:52
6124,業強,27.45,OTC,2026-09-24,2026-09-25 21:07:52
6125,廣運,48.6,OTC,2026-09-24,2026-09-25 21:07:52
6126,信音,30.7,OTC,2026-09-24,2026-09-25 21:07:52
6127,九豪,47.8,OTC,2026-09-24,2026-09-25 21:07:52
6129,普誠,14.75,OTC,2026-09-24,2026-09-25 21:07:52
6130,上亞科技,23.4,OTC,2026-09-24,2026-09-25 21:07:52
6134,萬旭,29.2,OTC,2026-09-24,2026-09-25 21:07:52
6138,茂達,279.0,OTC,2026-09-24,2026-09-25 21:07:52
6140,訊達,21.2,OTC,2026-09-24,2026-09-25 21:07:52
6143,振曜,81.5,OTC,2026-09-24,2026-09-25 21:07:52
6144,得利影,12.55,OTC,2026-09-24,2026-09-25 21:07:52
6146,耕興,181.0,OTC,2026-09-24,2026-09-25 21:07:52
6147,頎邦,213.5,OTC,2026-09-24,2026-09-25 21:07:52
6148,驊宏資,39.2,OTC,2026-09-24,2026-09-25 21:07:52
6150,撼訊,60.9,OTC,2026-09-24,2026-09-25 21:07:52
6151,晉倫,35.0,OTC,2026-09-24,2026-09-25 21:07:52
6154,順發,14.2,OTC,2026-09-24,2026-09-25 21:07:52
6156,松上,21.0,OTC,2026-09-24,2026-09-25 21:07:52
6158,禾昌,17.35,OTC,2026-09-24,2026-09-25 21:07:52
6160,欣技,13.9,OTC,2026-09-24,2026-09-25 21:07:52
6161,捷波,49.15,OTC,2026-09-24,2026-09-25 21:07:52
6163,華電網,41.4,OTC,2026-09-24,2026-09-25 21:07:52
6167,久正,10.35,OTC,2026-09-24,2026-09-25 21:07:52
6169,昱泉,12.1,OTC,2026-09-24,2026-09-25 21:07:52
6170,統振,48.4,OTC,2026-09-24,2026-09-25 21:07:52
6171,大城地產,26.4,OTC,2026-09-24,2026-09-25 21:07:52
6173,信昌電,306.5,OTC,2026-09-24,2026-09-25 21:07:52
6174,安碁,44.95,OTC,2026-09-24,2026-09-25 21:07:52
6175,立敦,69.7,OTC,2026-09-24,2026-09-25 21:07:52
6179,亞通,36.6,OTC,2026-09-24,2026-09-25 21:07:52
6180,橘子,40.6,OTC,2026-09-24,2026-09-25 21:07:52
6182,合晶,120.5,OTC,2026-09-24,2026-09-25 21:07:52
6185,幃翔,12.45,OTC,2026-09-24,2026-09-25 21:07:52
6186,新潤,29.0,OTC,2026-09-24,2026-09-25 21:07:52
6187,萬潤,1195.0,OTC,2026-09-24,2026-09-25 21:07:52
6188,廣明,62.0,OTC,2026-09-24,2026-09-25 21:07:52
6190,萬泰科,68.6,OTC,2026-09-24,2026-09-25 21:07:52
6194,育富,30.55,OTC,2026-09-24,2026-09-25 21:07:52
6195,詩肯,28.1,OTC,2026-09-24,2026-09-25 21:07:52
6198,瑞築,19.4,OTC,2026-09-24,2026-09-25 21:07:52
6199,天品,124.0,OTC,2026-09-24,2026-09-25 21:07:52
6203,海韻電,59.6,OTC,2026-09-24,2026-09-25 21:07:52
6204,艾華,107.5,OTC,2026-09-24,2026-09-25 21:07:52
6207,雷科,125.0,OTC,2026-09-24,2026-09-25 21:07:52
6208,日揚,74.3,OTC,2026-09-24,2026-09-25 21:07:52
6210,慶生,17.8,OTC,2026-09-24,2026-09-25 21:07:52
6212,理銘,32.1,OTC,2026-09-24,2026-09-25 21:07:52
6217,中探針,170.0,OTC,2026-09-24,2026-09-25 21:07:52
6218,豪勉,63.6,OTC,2026-09-24,2026-09-25 21:07:52
6219,富旺,12.05,OTC,2026-09-24,2026-09-25 21:07:52
6220,岳豐,25.25,OTC,2026-09-24,2026-09-25 21:07:52
6221,晉泰,32.2,OTC,2026-09-24,2026-09-25 21:07:52
6222,立軒,18.4,OTC,2026-09-24,2026-09-25 21:07:52
6223,旺矽,5415.0,OTC,2026-09-24,2026-09-25 21:07:52
6227,茂綸,135.5,OTC,2026-09-24,2026-09-25 21:07:52
6228,全譜,18.7,OTC,2026-09-24,2026-09-25 21:07:52
6229,研通,23.7,OTC,2026-09-24,2026-09-25 21:07:52
6231,系微,235.0,OTC,2026-09-24,2026-09-25 21:07:52
6233,旺玖,21.35,OTC,2026-09-24,2026-09-25 21:07:52
6234,高僑,37.85,OTC,2026-09-24,2026-09-25 21:07:52
6236,中湛,17.85,OTC,2026-09-24,2026-09-25 21:07:52
6237,驊訊,37.0,OTC,2026-09-24,2026-09-25 21:07:52
6240,松崗,26.2,OTC,2026-09-24,2026-09-25 21:07:52
6241,鑫永洋,15.45,OTC,2026-09-24,2026-09-25 21:07:52
6242,立康,34.1,OTC,2026-09-24,2026-09-25 21:07:52
6244,茂迪,23.55,OTC,2026-09-24,2026-09-25 21:07:52
6245,立端,85.7,OTC,2026-09-24,2026-09-25 21:07:52
6246,臺龍,12.8,OTC,2026-09-24,2026-09-25 21:07:52
6248,沛波,16.8,OTC,2026-09-24,2026-09-25 21:07:52
6259,百徽,29.15,OTC,2026-09-24,2026-09-25 21:07:52
6261,久元,78.3,OTC,2026-09-24,2026-09-25 21:07:52
6263,普萊德,157.0,OTC,2026-09-24,2026-09-25 21:07:52
6264,富裔,6.01,OTC,2026-09-24,2026-09-25 21:07:52
6265,方土昶,48.45,OTC,2026-09-24,2026-09-25 21:07:52
6266,泰詠,24.9,OTC,2026-09-24,2026-09-25 21:07:52
6270,倍微,29.7,OTC,2026-09-24,2026-09-25 21:07:52
6274,台燿,1495.0,OTC,2026-09-24,2026-09-25 21:07:52
6275,元山,45.9,OTC,2026-09-24,2026-09-25 21:07:52
6276,安鈦克,19.65,OTC,2026-09-24,2026-09-25 21:07:52
6279,胡連,112.5,OTC,2026-09-24,2026-09-25 21:07:52
6284,佳邦,74.3,OTC,2026-09-24,2026-09-25 21:07:52
6290,良維,274.0,OTC,2026-09-24,2026-09-25 21:07:52
6291,沛亨,484.0,OTC,2026-09-24,2026-09-25 21:07:52
6292,迅德,67.0,OTC,2026-09-24,2026-09-25 21:07:52
6294,智基,28.5,OTC,2026-09-24,2026-09-25 21:07:52
6411,晶焱,78.1,OTC,2026-09-24,2026-09-25 21:07:52
6417,韋僑,102.0,OTC,2026-09-24,2026-09-25 21:07:52
6418,詠昇,34.55,OTC,2026-09-24,2026-09-25 21:07:52
6419,京晨科,149.0,OTC,2026-09-24,2026-09-25 21:07:52
6423,億而得,86.8,OTC,2026-09-24,2026-09-25 21:07:52
6425,易發,71.1,OTC,2026-09-24,2026-09-25 21:07:52
6432,今展科,60.4,OTC,2026-09-24,2026-09-25 21:07:52
6435,大中,253.5,OTC,2026-09-24,2026-09-25 21:07:52
6441,廣錠,24.9,OTC,2026-09-24,2026-09-25 21:07:52
6461,益得,23.8,OTC,2026-09-24,2026-09-25 21:07:52
6462,神盾,99.7,OTC,2026-09-24,2026-09-25 21:07:52
6465,威潤,41.65,OTC,2026-09-24,2026-09-25 21:07:52
6469,大樹,64.2,OTC,2026-09-24,2026-09-25 21:07:52
6470,宇智,43.0,OTC,2026-09-24,2026-09-25 21:07:52
6474,華豫寧,35.55,OTC,2026-09-24,2026-09-25 21:07:52
6482,弘煜科,23.35,OTC,2026-09-24,2026-09-25 21:07:52
6485,點序,70.1,OTC,2026-09-24,2026-09-25 21:07:52
6486,互動,80.6,OTC,2026-09-24,2026-09-25 21:07:52
6488,環球晶,948.0,OTC,2026-09-24,2026-09-25 21:07:52
6492,生華科,34.2,OTC,2026-09-24,2026-09-25 21:07:52
6494,九齊,51.3,OTC,2026-09-24,2026-09-25 21:07:52
6496,科懋,23.5,OTC,2026-09-24,2026-09-25 21:07:52
6498,久禾光,66.8,OTC,2026-09-24,2026-09-25 21:07:52
6499,益安,73.1,OTC,2026-09-24,2026-09-25 21:07:52
6506,雙邦,18.6,OTC,2026-09-24,2026-09-25 21:07:52
6508,惠光,27.35,OTC,2026-09-24,2026-09-25 21:07:52
6509,聚和,47.55,OTC,2026-09-24,2026-09-25 21:07:52
6510,精測,3310.0,OTC,2026-09-24,2026-09-25 21:07:52
6512,啟發電,20.25,OTC,2026-09-24,2026-09-25 21:07:52
6516,勤崴國際,57.0,OTC,2026-09-24,2026-09-25 21:07:52
6517,保勝光學,63.1,OTC,2026-09-24,2026-09-25 21:07:52
6523,達爾膚,89.6,OTC,2026-09-24,2026-09-25 21:07:52
6527,明達醫,75.0,OTC,2026-09-24,2026-09-25 21:07:52
6530,創威,100.0,OTC,2026-09-24,2026-09-25 21:07:52
6532,瑞耘,98.5,OTC,2026-09-24,2026-09-25 21:07:52
6535,順藥,80.5,OTC,2026-09-24,2026-09-25 21:07:52
6538,倉和,398.0,OTC,2026-09-24,2026-09-25 21:07:52
6542,隆中,41.0,OTC,2026-09-24,2026-09-25 21:07:52
6546,正基,58.8,OTC,2026-09-24,2026-09-25 21:07:52
6547,高端疫苗,59.8,OTC,2026-09-24,2026-09-25 21:07:52
6548,長科*,71.3,OTC,2026-09-24,2026-09-25 21:07:52
6556,勝品,61.6,OTC,2026-09-24,2026-09-25 21:07:52
6560,欣普羅,32.65,OTC,2026-09-24,2026-09-25 21:07:52
6561,是方,308.0,OTC,2026-09-24,2026-09-25 21:07:52
6568,宏觀,143.0,OTC,2026-09-24,2026-09-25 21:07:52
6569,醫揚,92.3,OTC,2026-09-24,2026-09-25 21:07:52
6570,維田,46.65,OTC,2026-09-24,2026-09-25 21:07:52
6574,霈方,118.5,OTC,2026-09-24,2026-09-25 21:07:52
6576,逸達,80.2,OTC,2026-09-24,2026-09-25 21:07:52
6577,勁豐,79.8,OTC,2026-09-24,2026-09-25 21:07:52
6578,達邦蛋白,16.65,OTC,2026-09-24,2026-09-25 21:07:52
6584,南俊國際,544.0,OTC,2026-09-24,2026-09-25 21:07:52
6588,東典光電,112.0,OTC,2026-09-24,2026-09-25 21:07:52
6590,普鴻,66.9,OTC,2026-09-24,2026-09-25 21:07:52
6593,台灣銘板,32.05,OTC,2026-09-24,2026-09-25 21:07:52
6596,寬宏藝術,96.8,OTC,2026-09-24,2026-09-25 21:07:52
6597,立誠,68.7,OTC,2026-09-24,2026-09-25 21:07:52
6603,富強鑫,27.3,OTC,2026-09-24,2026-09-25 21:07:52
6609,瀧澤科,39.8,OTC,2026-09-24,2026-09-25 21:07:52
6612,奈米醫材,71.9,OTC,2026-09-24,2026-09-25 21:07:52
6613,朋億*,270.5,OTC,2026-09-24,2026-09-25 21:07:52
6615,慧智,0.0,OTC,2026-09-24,2026-09-25 21:07:52
6616,特昇-KY,8.17,OTC,2026-09-24,2026-09-25 21:07:52
6617,共信-KY,137.0,OTC,2026-09-24,2026-09-25 21:07:52
6620,漢達,124.0,OTC,2026-09-24,2026-09-25 21:07:52
6624,萬年清,39.25,OTC,2026-09-24,2026-09-25 21:07:52
6629,泰金-KY,103.0,OTC,2026-09-24,2026-09-25 21:07:52
6637,醫影,54.4,OTC,2026-09-24,2026-09-25 21:07:52
6640,均華,1010.0,OTC,2026-09-24,2026-09-25 21:07:52
6642,富致,78.4,OTC,2026-09-24,2026-09-25 21:07:52
6643,M31,515.0,OTC,2026-09-24,2026-09-25 21:07:52
6649,台生材,37.8,OTC,2026-09-24,2026-09-25 21:07:52
6651,全宇昕,149.5,OTC,2026-09-24,2026-09-25 21:07:52
6654,天正國際,192.0,OTC,2026-09-24,2026-09-25 21:07:52
6661,威健生技,16.0,OTC,2026-09-24,2026-09-25 21:07:52
6662,樂斯科,0.0,OTC,2026-09-24,2026-09-25 21:07:52
6664,群翊,358.5,OTC,2026-09-24,2026-09-25 21:07:52
6667,信紘科,261.5,OTC,2026-09-24,2026-09-25 21:07:52
6679,鈺太,202.5,OTC,2026-09-24,2026-09-25 21:07:52
6680,鑫創電子,52.8,OTC,2026-09-24,2026-09-25 21:07:52
6683,雍智科技,1520.0,OTC,2026-09-24,2026-09-25 21:07:52
6684,安格,48.85,OTC,2026-09-24,2026-09-25 21:07:52
6690,安碁資訊,179.0,OTC,2026-09-24,2026-09-25 21:07:52
6692,進能服,22.65,OTC,2026-09-24,2026-09-25 21:07:52
6693,廣閎科,209.5,OTC,2026-09-24,2026-09-25 21:07:52
6697,東捷資訊,41.2,OTC,2026-09-24,2026-09-25 21:07:52
6703,軒郁,100.5,OTC,2026-09-24,2026-09-25 21:07:52
6708,天擎,42.8,OTC,2026-09-24,2026-09-25 21:07:52
6712,長聖,159.5,OTC,2026-09-24,2026-09-25 21:07:52
6716,應廣,115.0,OTC,2026-09-24,2026-09-25 21:07:52
6720,久昌,127.0,OTC,2026-09-24,2026-09-25 21:07:52
6721,信實,50.1,OTC,2026-09-24,2026-09-25 21:07:52
6725,矽科宏晟,214.0,OTC,2026-09-24,2026-09-25 21:07:52
6727,亞泰金屬,505.0,OTC,2026-09-24,2026-09-25 21:07:52
6728,上洋,108.5,OTC,2026-09-24,2026-09-25 21:07:52
6730,常廣,32.1,OTC,2026-09-24,2026-09-25 21:07:52
6732,昇佳電子,149.0,OTC,2026-09-24,2026-09-25 21:07:52
6733,博晟生醫,24.95,OTC,2026-09-24,2026-09-25 21:07:52
6735,美達科技,63.8,OTC,2026-09-24,2026-09-25 21:07:52
6739,竹陞科技,1110.0,OTC,2026-09-24,2026-09-25 21:07:52
6741,91APP*-KY,55.2,OTC,2026-09-24,2026-09-25 21:07:52
6751,智聯服務,43.9,OTC,2026-09-24,2026-09-25 21:07:52
6752,叡揚,96.4,OTC,2026-09-24,2026-09-25 21:07:52
6761,穩得,162.0,OTC,2026-09-24,2026-09-25 21:07:52
6762,達亞,159.0,OTC,2026-09-24,2026-09-25 21:07:52
6763,綠界科技*,41.4,OTC,2026-09-24,2026-09-25 21:07:52
6767,台微醫,24.5,OTC,2026-09-24,2026-09-25 21:07:52
6785,昱展新藥,98.8,OTC,2026-09-24,2026-09-25 21:07:52
6788,華景電,339.0,OTC,2026-09-24,2026-09-25 21:07:52
6791,虎門科技,99.1,OTC,2026-09-24,2026-09-25 21:07:52
6803,崑鼎,266.0,OTC,2026-09-24,2026-09-25 21:07:52
6804,明係,18.25,OTC,2026-09-24,2026-09-25 21:07:52
6811,宏碁資訊,244.5,OTC,2026-09-24,2026-09-25 21:07:52
6821,聯寶,40.6,OTC,2026-09-24,2026-09-25 21:07:52
6823,濾能,60.1,OTC,2026-09-24,2026-09-25 21:07:52
6829,千附精密,209.5,OTC,2026-09-24,2026-09-25 21:07:52
6840,東研信超,103.0,OTC,2026-09-24,2026-09-25 21:07:52
6841,長佳智能,53.7,OTC,2026-09-24,2026-09-25 21:07:52
6843,進典,38.6,OTC,2026-09-24,2026-09-25 21:07:52
6844,諾貝兒,57.3,OTC,2026-09-24,2026-09-25 21:07:52
6846,綠茵,59.1,OTC,2026-09-24,2026-09-25 21:07:52
6855,數泓科,0.0,OTC,2026-09-24,2026-09-25 21:07:52
6856,鑫傳,42.3,OTC,2026-09-24,2026-09-25 21:07:52
6859,伯特光,121.0,OTC,2026-09-24,2026-09-25 21:07:52
6865,偉康科技,28.05,OTC,2026-09-24,2026-09-25 21:07:52
6870,騰雲,336.5,OTC,2026-09-24,2026-09-25 21:07:52
6872,浩宇生醫,22.35,OTC,2026-09-24,2026-09-25 21:07:52
6874,倍力,69.9,OTC,2026-09-24,2026-09-25 21:07:52
6875,國邑*,31.85,OTC,2026-09-24,2026-09-25 21:07:52
6877,鏵友益,122.5,OTC,2026-09-24,2026-09-25 21:07:52
6881,潤德,214.0,OTC,2026-09-24,2026-09-25 21:07:52
6884,海柏特,32.2,OTC,2026-09-24,2026-09-25 21:07:52
6894,衛司特,367.0,OTC,2026-09-24,2026-09-25 21:07:52
6895,宏碩系統,145.0,OTC,2026-09-24,2026-09-25 21:07:52
6899,創為精密,49.4,OTC,2026-09-24,2026-09-25 21:07:52
6903,巨漢,309.0,OTC,2026-09-24,2026-09-25 21:07:52
6904,伯鑫,0.0,OTC,2026-09-24,2026-09-25 21:07:52
6907,雅特力-KY,182.0,OTC,2026-09-24,2026-09-25 21:07:52
6910,德鴻,26.0,OTC,2026-09-24,2026-09-25 21:07:52
6913,鴻呈,127.5,OTC,2026-09-24,2026-09-25 21:07:52
6922,宸曜,212.0,OTC,2026-09-24,2026-09-25 21:07:52
6925,意藍,68.2,OTC,2026-09-24,2026-09-25 21:07:52
6929,佑全,0.0,OTC,2026-09-24,2026-09-25 21:07:52
6945,圓祥生技,138.0,OTC,2026-09-24,2026-09-25 21:07:52
6953,家碩,236.0,OTC,2026-09-24,2026-09-25 21:07:52
6961,旅天下,47.1,OTC,2026-09-24,2026-09-25 21:07:52
6967,汎瑋材料,65.7,OTC,2026-09-24,2026-09-25 21:07:52
6968,萬達寵物,41.55,OTC,2026-09-24,2026-09-25 21:07:52
6971,惠民實業,23.95,OTC,2026-09-24,2026-09-25 21:07:52
6982,大井泵浦,43.5,OTC,2026-09-24,2026-09-25 21:07:52
6983,華洋精機,348.5,OTC,2026-09-24,2026-09-25 21:07:52
6986,和迅,44.3,OTC,2026-09-24,2026-09-25 21:07:52
6996,力領科技,171.0,OTC,2026-09-24,2026-09-25 21:07:52
6997,博弘,66.8,OTC,2026-09-24,2026-09-25 21:07:52
7402,邑錡,99.8,OTC,2026-09-24,2026-09-25 21:07:52
7547,碩網,59.4,OTC,2026-09-24,2026-09-25 21:07:52
7556,意德士,264.5,OTC,2026-09-24,2026-09-25 21:07:52
7584,樂意,27.2,OTC,2026-09-24,2026-09-25 21:07:52
7642,昶瑞機電,70.8,OTC,2026-09-24,2026-09-25 21:07:52
7703,銳澤,203.0,OTC,2026-09-24,2026-09-25 21:07:52
7704,明遠精密,62.0,OTC,2026-09-24,2026-09-25 21:07:52
7708,全家餐飲,91.8,OTC,2026-09-24,2026-09-25 21:07:52
7709,榮田,87.7,OTC,2026-09-24,2026-09-25 21:07:52
7712,博盛半導體,163.0,OTC,2026-09-24,2026-09-25 21:07:52
7713,威力德生醫,73.8,OTC,2026-09-24,2026-09-25 21:07:52
7714,創泓科技,166.0,OTC,2026-09-24,2026-09-25 21:07:52
7715,裕山,27.5,OTC,2026-09-24,2026-09-25 21:07:52
7716,昱臺國際,24.0,OTC,2026-09-24,2026-09-25 21:07:52
7717,萊德光電-KY,594.0,OTC,2026-09-24,2026-09-25 21:07:52
7718,友鋮,45.8,OTC,2026-09-24,2026-09-25 21:07:52
7723,築間,18.3,OTC,2026-09-24,2026-09-25 21:07:52
7728,光焱科技,595.0,OTC,2026-09-24,2026-09-25 21:07:52
7734,印能科技,2750.0,OTC,2026-09-24,2026-09-25 21:07:52
7738,東聯互動,157.0,OTC,2026-09-24,2026-09-25 21:07:52
7743,金利食安,25.4,OTC,2026-09-24,2026-09-25 21:07:52
7744,崴寶,543.0,OTC,2026-09-24,2026-09-25 21:07:52
7747,昕奇雲端,112.0,OTC,2026-09-24,2026-09-25 21:07:52
7751,竑騰,1515.0,OTC,2026-09-24,2026-09-25 21:07:52
7753,星亞,35.3,OTC,2026-09-24,2026-09-25 21:07:52
7757,金色三麥,91.0,OTC,2026-09-24,2026-09-25 21:07:52
7767,仁大資訊,46.65,OTC,2026-09-24,2026-09-25 21:07:52
7770,君曜,39.5,OTC,2026-09-24,2026-09-25 21:07:52
7772,耀穎,180.0,OTC,2026-09-24,2026-09-25 21:07:52
7777,能率亞洲,35.55,OTC,2026-09-24,2026-09-25 21:07:52
7782,光速火箭,0.0,OTC,2026-09-24,2026-09-25 21:07:52
7792,安葆,435.5,OTC,2026-09-24,2026-09-25 21:07:52
7794,宏碁智新,30.0,OTC,2026-09-24,2026-09-25 21:07:52
7805,威聯通,498.0,OTC,2026-09-24,2026-09-25 21:07:52
7810,捷創科技,222.5,OTC,2026-09-24,2026-09-25 21:07:52
7811,民盛,73.5,OTC,2026-09-24,2026-09-25 21:07:52
7814,海昌生技,28.5,OTC,2026-09-24,2026-09-25 21:07:52
7819,精誠金融,34.35,OTC,2026-09-24,2026-09-25 21:07:52
7820,立盈,108.0,OTC,2026-09-24,2026-09-25 21:07:52
7825,和亞智慧,82.2,OTC,2026-09-24,2026-09-25 21:07:52
7828,創新服務,1970.0,OTC,2026-09-24,2026-09-25 21:07:52
7839,達人網,43.15,OTC,2026-09-24,2026-09-25 21:07:52
7842,天能綠電,98.0,OTC,2026-09-24,2026-09-25 21:07:52
7856,漢測,4605.0,OTC,2026-09-24,2026-09-25 21:07:52
8024,佑華,12.6,OTC,2026-09-24,2026-09-25 21:07:52
8027,鈦昇,184.0,OTC,2026-09-24,2026-09-25 21:07:52
8032,光菱,36.0,OTC,2026-09-24,2026-09-25 21:07:52
8034,榮群,20.45,OTC,2026-09-24,2026-09-25 21:07:52
8038,長園科,32.6,OTC,2026-09-24,2026-09-25 21:07:52
8040,九暘,94.5,OTC,2026-09-24,2026-09-25 21:07:52
8042,金山電,114.0,OTC,2026-09-24,2026-09-25 21:07:52
8043,蜜望實,133.0,OTC,2026-09-24,2026-09-25 21:07:52
8044,網家,23.85,OTC,2026-09-24,2026-09-25 21:07:52
8047,星雲,49.2,OTC,2026-09-24,2026-09-25 21:07:52
8048,德勝,50.1,OTC,2026-09-24,2026-09-25 21:07:52
8049,晶采,24.5,OTC,2026-09-24,2026-09-25 21:07:52
8050,廣積,61.2,OTC,2026-09-24,2026-09-25 21:07:52
8054,安國,84.6,OTC,2026-09-24,2026-09-25 21:07:52
8059,凱碩,17.7,OTC,2026-09-24,2026-09-25 21:07:52
8064,東捷,139.0,OTC,2026-09-24,2026-09-25 21:07:52
8066,來思達,14.8,OTC,2026-09-24,2026-09-25 21:07:52
8067,志旭,11.8,OTC,2026-09-24,2026-09-25 21:07:52
8068,全達,17.85,OTC,2026-09-24,2026-09-25 21:07:52
8069,元太,146.0,OTC,2026-09-24,2026-09-25 21:07:52
8071,能率網通,21.9,OTC,2026-09-24,2026-09-25 21:07:52
8074,鉅橡,51.0,OTC,2026-09-24,2026-09-25 21:07:52
8076,伍豐,21.7,OTC,2026-09-24,2026-09-25 21:07:52
8077,洛碁,43.4,OTC,2026-09-24,2026-09-25 21:07:52
8080,泰霖,28.05,OTC,2026-09-24,2026-09-25 21:07:52
8083,瑞穎,155.5,OTC,2026-09-24,2026-09-25 21:07:52
8084,巨虹,33.1,OTC,2026-09-24,2026-09-25 21:07:52
8085,福華,14.2,OTC,2026-09-24,2026-09-25 21:07:52
8086,宏捷科,110.5,OTC,2026-09-24,2026-09-25 21:07:52
8087,麗升能源,23.25,OTC,2026-09-24,2026-09-25 21:07:52
8088,品安,41.85,OTC,2026-09-24,2026-09-25 21:07:52
8089,康全電訊,19.25,OTC,2026-09-24,2026-09-25 21:07:52
8091,翔名,216.5,OTC,2026-09-24,2026-09-25 21:07:52
8092,建暐,12.9,OTC,2026-09-24,2026-09-25 21:07:52
8093,保銳,23.25,OTC,2026-09-24,2026-09-25 21:07:52
8096,擎亞,84.6,OTC,2026-09-24,2026-09-25 21:07:52
8097,常珵,48.15,OTC,2026-09-24,2026-09-25 21:07:52
8099,大世科,60.5,OTC,2026-09-24,2026-09-25 21:07:52
8102,傑霖科技,59.5,OTC,2026-09-24,2026-09-25 21:07:52
8107,大億金茂,12.15,OTC,2026-09-24,2026-09-25 21:07:52
8109,博大,132.0,OTC,2026-09-24,2026-09-25 21:07:52
8111,立碁,76.4,OTC,2026-09-24,2026-09-25 21:07:52
8121,越峰,30.65,OTC,2026-09-24,2026-09-25 21:07:52
8147,正淩,136.5,OTC,2026-09-24,2026-09-25 21:07:52
8155,博智,336.0,OTC,2026-09-24,2026-09-25 21:07:52
8171,天宇,20.45,OTC,2026-09-24,2026-09-25 21:07:52
8176,智捷,9.78,OTC,2026-09-24,2026-09-25 21:07:52
8182,加高,40.45,OTC,2026-09-24,2026-09-25 21:07:52
8227,巨有科技,306.5,OTC,2026-09-24,2026-09-25 21:07:52
8234,新漢,61.2,OTC,2026-09-24,2026-09-25 21:07:52
8240,華宏,52.0,OTC,2026-09-24,2026-09-25 21:07:52
8255,朋程,142.5,OTC,2026-09-24,2026-09-25 21:07:52
8272,全景軟體,63.5,OTC,2026-09-24,2026-09-25 21:07:52
8277,商丞,15.75,OTC,2026-09-24,2026-09-25 21:07:52
8279,生展,78.2,OTC,2026-09-24,2026-09-25 21:07:52
8284,三竹,68.0,OTC,2026-09-24,2026-09-25 21:07:52
8289,泰藝,44.75,OTC,2026-09-24,2026-09-25 21:07:52
8291,尚茂,29.75,OTC,2026-09-24,2026-09-25 21:07:52
8299,群聯,2125.0,OTC,2026-09-24,2026-09-25 21:07:52
8342,益張,83.8,OTC,2026-09-24,2026-09-25 21:07:52
8349,恒耀,39.6,OTC,2026-09-24,2026-09-25 21:07:52
8349A,恒耀甲特,0.0,OTC,2026-09-24,2026-09-25 21:07:52
8354,冠好,17.1,OTC,2026-09-24,2026-09-25 21:07:52
8358,金居,511.0,OTC,2026-09-24,2026-09-25 21:07:52
8383,千附,67.9,OTC,2026-09-24,2026-09-25 21:07:52
8390,金益鼎,90.0,OTC,2026-09-24,2026-09-25 21:07:52
8401,白紗科,22.75,OTC,2026-09-24,2026-09-25 21:07:52
8403,盛弘,18.95,OTC,2026-09-24,2026-09-25 21:07:52
8409,商之器,18.1,OTC,2026-09-24,2026-09-25 21:07:52
8410,森田,27.8,OTC,2026-09-24,2026-09-25 21:07:52
8415,大國鋼,35.45,OTC,2026-09-24,2026-09-25 21:07:52
8416,實威,169.0,OTC,2026-09-24,2026-09-25 21:07:52
8421,旭源,12.8,OTC,2026-09-24,2026-09-25 21:07:52
8423,保綠-KY,18.05,OTC,2026-09-24,2026-09-25 21:07:52
8424,惠普,70.8,OTC,2026-09-24,2026-09-25 21:07:52
8426,紅木-KY,20.6,OTC,2026-09-24,2026-09-25 21:07:52
8431,匯鑽科,63.3,OTC,2026-09-24,2026-09-25 21:07:52
8432,東生華,50.2,OTC,2026-09-24,2026-09-25 21:07:52
8433,弘帆,52.7,OTC,2026-09-24,2026-09-25 21:07:52
8435,鉅邁,52.9,OTC,2026-09-24,2026-09-25 21:07:52
8436,大江,105.0,OTC,2026-09-24,2026-09-25 21:07:52
8437,大地-KY,10.65,OTC,2026-09-24,2026-09-25 21:07:52
8440,綠電,20.25,OTC,2026-09-24,2026-09-25 21:07:52
8444,綠河-KY,4.4,OTC,2026-09-24,2026-09-25 21:07:52
8446,華研,84.7,OTC,2026-09-24,2026-09-25 21:07:52
8450,霹靂,14.35,OTC,2026-09-24,2026-09-25 21:07:52
8455,大拓-KY,22.1,OTC,2026-09-24,2026-09-25 21:07:52
8472,納維康,77.0,OTC,2026-09-24,2026-09-25 21:07:52
8477,創業家,14.35,OTC,2026-09-24,2026-09-25 21:07:52
8489,三貝德,22.55,OTC,2026-09-24,2026-09-25 21:07:52
8905,裕國,34.8,OTC,2026-09-24,2026-09-25 21:07:52
8906,花王,29.0,OTC,2026-09-24,2026-09-25 21:07:52
8908,欣雄,40.05,OTC,2026-09-24,2026-09-25 21:07:52
8916,光隆,40.85,OTC,2026-09-24,2026-09-25 21:07:52
8917,欣泰,55.0,OTC,2026-09-24,2026-09-25 21:07:52
8921,沈氏,0.0,OTC,2026-09-24,2026-09-25 21:07:52
8923,時報,0.0,OTC,2026-09-24,2026-09-25 21:07:52
8924,大田,49.3,OTC,2026-09-24,2026-09-25 21:07:52
8927,北基,19.0,OTC,2026-09-24,2026-09-25 21:07:52
8928,鉅明,23.3,OTC,2026-09-24,2026-09-25 21:07:52
8929,富堡,12.95,OTC,2026-09-24,2026-09-25 21:07:52
8930,青鋼,28.8,OTC,2026-09-24,2026-09-25 21:07:52
8931,大汽電,43.05,OTC,2026-09-24,2026-09-25 21:07:52
8932,智通*,92.6,OTC,2026-09-24,2026-09-25 21:07:52
8933,愛地雅,4.57,OTC,2026-09-24,2026-09-25 21:07:52
8935,邦泰,17.55,OTC,2026-09-24,2026-09-25 21:07:52
8936,國統,52.1,OTC,2026-09-24,2026-09-25 21:07:52
8937,合騏*,26.6,OTC,2026-09-24,2026-09-25 21:07:52
8938,明安,52.1,OTC,2026-09-24,2026-09-25 21:07:52
8941,關中,44.0,OTC,2026-09-24,2026-09-25 21:07:52
8942,森鉅,40.5,OTC,2026-09-24,2026-09-25 21:07:52
9949,琉園,24.0,OTC,2026-09-24,2026-09-25 21:07:52
9950,萬國通,10.3,OTC,2026-09-24,2026-09-25 21:07:52
9951,皇田,47.65,OTC,2026-09-24,2026-09-25 21:07:52
9960,邁達康,39.35,OTC,2026-09-24,2026-09-25 21:07:52
9962,有益,10.1,OTC,2026-09-24,2026-09-25 21:07:52
