stock_code,stock_name,price,market,date,updated_at
006201,元大富櫃50,28.24,OTC,2026-02-06,2026-02-07 12:58:19
00679B,元大美債20年,27.46,OTC,2026-02-06,2026-02-07 12:58:19
00687B,國泰20年美債,28.54,OTC,2026-02-06,2026-02-07 12:58:19
00687C,國泰20年美債+櫃U,9.42,OTC,2026-02-06,2026-02-07 12:58:19
00694B,富邦美債1-3,41.86,OTC,2026-02-06,2026-02-07 12:58:19
00695B,富邦美債7-10,35.75,OTC,2026-02-06,2026-02-07 12:58:19
00696B,富邦美債20年,29.59,OTC,2026-02-06,2026-02-07 12:58:19
00697B,元大美債7-10,36.31,OTC,2026-02-06,2026-02-07 12:58:19
00719B,元大美債1-3,31.2,OTC,2026-02-06,2026-02-07 12:58:19
00720B,元大投資級公司債,33.6,OTC,2026-02-06,2026-02-07 12:58:19
00722B,群益投資級電信債,36.72,OTC,2026-02-06,2026-02-07 12:58:19
00723B,群益投資級科技債,31.5,OTC,2026-02-06,2026-02-07 12:58:19
00724B,群益投資級金融債,34.62,OTC,2026-02-06,2026-02-07 12:58:19
00725B,國泰投資級公司債,35.69,OTC,2026-02-06,2026-02-07 12:58:19
00726B,國泰新興投等債,33.49,OTC,2026-02-06,2026-02-07 12:58:19
00727B,國泰優選非投等債,39.95,OTC,2026-02-06,2026-02-07 12:58:19
00734B,台新JPM新興債,15.93,OTC,2026-02-06,2026-02-07 12:58:19
00740B,富邦全球投等債,39.56,OTC,2026-02-06,2026-02-07 12:58:19
00741B,富邦全球非投等債,37.88,OTC,2026-02-06,2026-02-07 12:58:19
00746B,富邦A級公司債,36.18,OTC,2026-02-06,2026-02-07 12:58:19
00749B,凱基新興債10+,32.05,OTC,2026-02-06,2026-02-07 12:58:19
00750B,凱基科技債10+,33.75,OTC,2026-02-06,2026-02-07 12:58:19
00751B,元大AAA至A公司債,32.33,OTC,2026-02-06,2026-02-07 12:58:19
00754B,群益AAA-AA公司債,34.46,OTC,2026-02-06,2026-02-07 12:58:19
00755B,群益投資級公用債,33.66,OTC,2026-02-06,2026-02-07 12:58:19
00756B,群益投等新興公債,32.26,OTC,2026-02-06,2026-02-07 12:58:19
00758B,復華能源債,52.4,OTC,2026-02-06,2026-02-07 12:58:19
00759B,復華製藥債,55.85,OTC,2026-02-06,2026-02-07 12:58:19
00760B,復華新興企業債,55.3,OTC,2026-02-06,2026-02-07 12:58:19
00761B,國泰A級公司債,35.41,OTC,2026-02-06,2026-02-07 12:58:19
00764B,群益25年美債,28.51,OTC,2026-02-06,2026-02-07 12:58:19
00768B,復華20年美債,52.2,OTC,2026-02-06,2026-02-07 12:58:19
00772B,中信高評級公司債,34.37,OTC,2026-02-06,2026-02-07 12:58:19
00773B,中信優先金融債,36.84,OTC,2026-02-06,2026-02-07 12:58:19
00777B,凱基AAA至A公司債,33.32,OTC,2026-02-06,2026-02-07 12:58:19
00778B,凱基金融債20+,35.5,OTC,2026-02-06,2026-02-07 12:58:19
00779B,凱基美債25+,28.88,OTC,2026-02-06,2026-02-07 12:58:19
00780B,國泰A級金融債,38.33,OTC,2026-02-06,2026-02-07 12:58:19
00781B,國泰A級科技債,29.46,OTC,2026-02-06,2026-02-07 12:58:19
00782B,國泰A級公用債,31.17,OTC,2026-02-06,2026-02-07 12:58:19
00785B,富邦金融投等債,35.83,OTC,2026-02-06,2026-02-07 12:58:19
00786B,元大10年IG銀行債,33.76,OTC,2026-02-06,2026-02-07 12:58:19
00787B,元大10年IG醫療債,33.28,OTC,2026-02-06,2026-02-07 12:58:19
00788B,元大10年IG電能債,30.55,OTC,2026-02-06,2026-02-07 12:58:19
00789B,復華公司債A3,49.28,OTC,2026-02-06,2026-02-07 12:58:19
00791B,復華信用債1-5,57.1,OTC,2026-02-06,2026-02-07 12:58:19
00792B,群益A級公司債,32.51,OTC,2026-02-06,2026-02-07 12:58:19
00793B,群益AAA-A醫療債,31.56,OTC,2026-02-06,2026-02-07 12:58:19
00795B,中信美國公債20年,27.65,OTC,2026-02-06,2026-02-07 12:58:19
00799B,國泰A級醫療債,30.68,OTC,2026-02-06,2026-02-07 12:58:19
00834B,第一金金融債10+,35.02,OTC,2026-02-06,2026-02-07 12:58:19
00836B,永豐10年A公司債,29.43,OTC,2026-02-06,2026-02-07 12:58:19
00840B,凱基IG精選15+,30.74,OTC,2026-02-06,2026-02-07 12:58:19
00841B,凱基AAA-AA公司債,29.98,OTC,2026-02-06,2026-02-07 12:58:19
00842B,台新美元銀行債,31.76,OTC,2026-02-06,2026-02-07 12:58:19
00844B,新光15年IG金融債,32.7,OTC,2026-02-06,2026-02-07 12:58:19
00845B,富邦新興投等債,34.2,OTC,2026-02-06,2026-02-07 12:58:19
00846B,富邦歐洲銀行債,36.94,OTC,2026-02-06,2026-02-07 12:58:19
00847B,中信美國市政債,26.39,OTC,2026-02-06,2026-02-07 12:58:19
00848B,中信新興亞洲債,34.85,OTC,2026-02-06,2026-02-07 12:58:19
00849B,中信EM主權債0-5,37.43,OTC,2026-02-06,2026-02-07 12:58:19
00853B,統一美債10年Aa-A,28.32,OTC,2026-02-06,2026-02-07 12:58:19
00856B,永豐1-3年美公債,37.9,OTC,2026-02-06,2026-02-07 12:58:19
00857B,永豐20年美公債,23.74,OTC,2026-02-06,2026-02-07 12:58:19
00858,永豐美國500大,32.09,OTC,2026-02-06,2026-02-07 12:58:19
00859B,群益0-1年美債,41.36,OTC,2026-02-06,2026-02-07 12:58:19
00860B,群益1-5Y投資級債,38.74,OTC,2026-02-06,2026-02-07 12:58:19
00862B,中信投資級公司債,32.44,OTC,2026-02-06,2026-02-07 12:58:19
00863B,中信全球電信債,32.81,OTC,2026-02-06,2026-02-07 12:58:19
00864B,中信美國公債0-1,46.63,OTC,2026-02-06,2026-02-07 12:58:19
00867B,新光A-BBB電信債,32.08,OTC,2026-02-06,2026-02-07 12:58:19
00870B,元大15年EM主權債,28.97,OTC,2026-02-06,2026-02-07 12:58:19
00877,復華中國5G,26.12,OTC,2026-02-06,2026-02-07 12:58:19
00883B,中信ESG投資級債,31.36,OTC,2026-02-06,2026-02-07 12:58:19
00884B,中信低碳新興債,30.19,OTC,2026-02-06,2026-02-07 12:58:19
00886,永豐美國科技,34.91,OTC,2026-02-06,2026-02-07 12:58:19
00887,永豐中國科技50大,12.47,OTC,2026-02-06,2026-02-07 12:58:19
00888,永豐台灣ESG,22.02,OTC,2026-02-06,2026-02-07 12:58:19
00890B,凱基ESG BBB債15+,33.06,OTC,2026-02-06,2026-02-07 12:58:19
00928,中信上櫃ESG 30,21.17,OTC,2026-02-06,2026-02-07 12:58:19
00931B,統一美債20年,13.75,OTC,2026-02-06,2026-02-07 12:58:19
00933B,國泰10Y+金融債,16.48,OTC,2026-02-06,2026-02-07 12:58:19
00937B,群益ESG投等債20+,15.2,OTC,2026-02-06,2026-02-07 12:58:19
00942B,台新美A公司債20+,14.64,OTC,2026-02-06,2026-02-07 12:58:19
00948B,中信優息投資級債,9.65,OTC,2026-02-06,2026-02-07 12:58:19
00950B,凱基A級公司債,14.34,OTC,2026-02-06,2026-02-07 12:58:19
00955,中信日本商社,15.1,OTC,2026-02-06,2026-02-07 12:58:19
00957B,兆豐US優選投等債,13.83,OTC,2026-02-06,2026-02-07 12:58:19
00958B,永豐ESG銀行債15+,9.57,OTC,2026-02-06,2026-02-07 12:58:19
00959B,大華投等美債15Y+,9.59,OTC,2026-02-06,2026-02-07 12:58:19
00966B,統一ESG投等債15+,14.23,OTC,2026-02-06,2026-02-07 12:58:19
00967B,元大優息美債,9.34,OTC,2026-02-06,2026-02-07 12:58:19
00968B,元大優息投等債,9.44,OTC,2026-02-06,2026-02-07 12:58:19
00969B,元大零息超長美債,8.46,OTC,2026-02-06,2026-02-07 12:58:19
00970B,新光BBB投等債20+,9.58,OTC,2026-02-06,2026-02-07 12:58:19
009806,台新標普500,11.87,OTC,2026-02-06,2026-02-07 12:58:19
009807,台新標普科技精選,12.26,OTC,2026-02-06,2026-02-07 12:58:19
00980B,台新特選IG債10+,9.7,OTC,2026-02-06,2026-02-07 12:58:19
00980D,主動聯博投等入息,20.97,OTC,2026-02-06,2026-02-07 12:58:19
00980T,平衡凱基美國TOP,10.5,OTC,2026-02-06,2026-02-07 12:58:19
009814,富邦標普500,10.0,OTC,2026-02-06,2026-02-07 12:58:19
009815,大華美國MAG7+,9.5,OTC,2026-02-06,2026-02-07 12:58:19
00981B,第一金優選非投債,9.37,OTC,2026-02-06,2026-02-07 12:58:19
00981D,主動中信非投等債,10.56,OTC,2026-02-06,2026-02-07 12:58:19
00982B,FT投資級債20+,10.08,OTC,2026-02-06,2026-02-07 12:58:19
00983B,大華優利美公債20,16.1,OTC,2026-02-06,2026-02-07 12:58:19
00984B,大華優利美A債15,16.8,OTC,2026-02-06,2026-02-07 12:58:19
00986B,FT金融債10+,10.24,OTC,2026-02-06,2026-02-07 12:58:19
00987B,野村10+澳洲公債,15.54,OTC,2026-02-06,2026-02-07 12:58:19
020001,富邦存股雙十N,0.0,OTC,2026-02-06,2026-02-07 12:58:19
020025,統一亞洲半導體N,22.1,OTC,2026-02-06,2026-02-07 12:58:19
020027,元大上櫃ESG成長N,7.04,OTC,2026-02-06,2026-02-07 12:58:19
020033,統一恒生科期N,4.29,OTC,2026-02-06,2026-02-07 12:58:19
020035,元大上櫃ESG高息N,9.99,OTC,2026-02-06,2026-02-07 12:58:19
020040,元大上櫃ESG龍頭N,7.75,OTC,2026-02-06,2026-02-07 12:58:19
020041,兆豐半導體氣候N,9.98,OTC,2026-02-06,2026-02-07 12:58:19
1240,茂生農經,60.0,OTC,2026-02-06,2026-02-07 12:58:19
1259,安心,61.0,OTC,2026-02-06,2026-02-07 12:58:19
1264,德麥,283.0,OTC,2026-02-06,2026-02-07 12:58:19
1268,漢來美食,161.0,OTC,2026-02-06,2026-02-07 12:58:19
1294,漢田生技,78.7,OTC,2026-02-06,2026-02-07 12:58:19
1295,生合,75.6,OTC,2026-02-06,2026-02-07 12:58:19
1336,台翰,15.6,OTC,2026-02-06,2026-02-07 12:58:19
1565,精華,114.0,OTC,2026-02-06,2026-02-07 12:58:19
1569,濱川,52.8,OTC,2026-02-06,2026-02-07 12:58:19
1570,力肯,31.15,OTC,2026-02-06,2026-02-07 12:58:19
1580,新麥,129.5,OTC,2026-02-06,2026-02-07 12:58:19
1584,精剛,23.3,OTC,2026-02-06,2026-02-07 12:58:19
1586,和勤,24.9,OTC,2026-02-06,2026-02-07 12:58:19
1591,駿吉-KY,50.8,OTC,2026-02-06,2026-02-07 12:58:19
1593,祺驊,29.2,OTC,2026-02-06,2026-02-07 12:58:19
1595,川寶,41.25,OTC,2026-02-06,2026-02-07 12:58:19
1599,宏佳騰,26.05,OTC,2026-02-06,2026-02-07 12:58:19
1742,台蠟,15.9,OTC,2026-02-06,2026-02-07 12:58:19
1777,生泰,71.2,OTC,2026-02-06,2026-02-07 12:58:19
1781,合世,12.65,OTC,2026-02-06,2026-02-07 12:58:19
1784,訊聯,92.7,OTC,2026-02-06,2026-02-07 12:58:19
1785,光洋科,58.3,OTC,2026-02-06,2026-02-07 12:58:19
1788,杏昌,136.0,OTC,2026-02-06,2026-02-07 12:58:19
1796,金穎生技,44.3,OTC,2026-02-06,2026-02-07 12:58:19
1799,易威,31.55,OTC,2026-02-06,2026-02-07 12:58:19
1813,寶利徠,13.5,OTC,2026-02-06,2026-02-07 12:58:19
1815,富喬,87.6,OTC,2026-02-06,2026-02-07 12:58:19
2035,唐榮,27.25,OTC,2026-02-06,2026-02-07 12:58:19
2061,風青,18.1,OTC,2026-02-06,2026-02-07 12:58:19
2063,世鎧,26.15,OTC,2026-02-06,2026-02-07 12:58:19
2064,晉椿,12.05,OTC,2026-02-06,2026-02-07 12:58:19
2065,世豐,32.2,OTC,2026-02-06,2026-02-07 12:58:19
2066,世德,49.95,OTC,2026-02-06,2026-02-07 12:58:19
2067,嘉鋼,10.6,OTC,2026-02-06,2026-02-07 12:58:19
2070,精湛,39.6,OTC,2026-02-06,2026-02-07 12:58:19
2073,雄順,0.0,OTC,2026-02-06,2026-02-07 12:58:19
2221,大甲,30.05,OTC,2026-02-06,2026-02-07 12:58:19
2230,泰茂,76.4,OTC,2026-02-06,2026-02-07 12:58:19
2235,謚源,0.0,OTC,2026-02-06,2026-02-07 12:58:19
2596,綠意,34.6,OTC,2026-02-06,2026-02-07 12:58:19
2640,大車隊,123.5,OTC,2026-02-06,2026-02-07 12:58:19
2641,正德,19.4,OTC,2026-02-06,2026-02-07 12:58:19
2643,捷迅,72.6,OTC,2026-02-06,2026-02-07 12:58:19
2718,全心投控,47.75,OTC,2026-02-06,2026-02-07 12:58:19
2719,燦星旅,29.65,OTC,2026-02-06,2026-02-07 12:58:19
2724,藝舍-KY,0.0,OTC,2026-02-06,2026-02-07 12:58:19
2726,雅茗-KY,12.6,OTC,2026-02-06,2026-02-07 12:58:19
2729,瓦城,171.0,OTC,2026-02-06,2026-02-07 12:58:19
2732,六角,66.5,OTC,2026-02-06,2026-02-07 12:58:19
2734,易飛網,18.55,OTC,2026-02-06,2026-02-07 12:58:19
2736,富野,14.15,OTC,2026-02-06,2026-02-07 12:58:19
2740,天蔥,45.95,OTC,2026-02-06,2026-02-07 12:58:19
2743,山富,80.8,OTC,2026-02-06,2026-02-07 12:58:19
2745,五福,107.5,OTC,2026-02-06,2026-02-07 12:58:19
2751,王座,59.0,OTC,2026-02-06,2026-02-07 12:58:19
2752,豆府,205.5,OTC,2026-02-06,2026-02-07 12:58:19
2754,亞洲藏壽司,77.5,OTC,2026-02-06,2026-02-07 12:58:19
2755,揚秦,114.0,OTC,2026-02-06,2026-02-07 12:58:19
2756,聯發國際,78.2,OTC,2026-02-06,2026-02-07 12:58:19
2916,滿心,46.6,OTC,2026-02-06,2026-02-07 12:58:19
2924,宏太-KY,19.2,OTC,2026-02-06,2026-02-07 12:58:19
2926,誠品生活,38.45,OTC,2026-02-06,2026-02-07 12:58:19
2937,集雅社,44.0,OTC,2026-02-06,2026-02-07 12:58:19
2941,米斯特,41.7,OTC,2026-02-06,2026-02-07 12:58:19
2947,振宇五金,79.5,OTC,2026-02-06,2026-02-07 12:58:19
2948,寶陞,38.25,OTC,2026-02-06,2026-02-07 12:58:19
2949,欣新網,62.0,OTC,2026-02-06,2026-02-07 12:58:19
3064,泰偉,44.7,OTC,2026-02-06,2026-02-07 12:58:19
3066,李洲,15.0,OTC,2026-02-06,2026-02-07 12:58:19
3067,全域,0.0,OTC,2026-02-06,2026-02-07 12:58:19
3071,協禧,22.95,OTC,2026-02-06,2026-02-07 12:58:19
3073,天方能源,29.55,OTC,2026-02-06,2026-02-07 12:58:19
3078,僑威,61.0,OTC,2026-02-06,2026-02-07 12:58:19
3081,聯亞,1000.0,OTC,2026-02-06,2026-02-07 12:58:19
3083,網龍,32.05,OTC,2026-02-06,2026-02-07 12:58:19
3085,新零售,0.0,OTC,2026-02-06,2026-02-07 12:58:19
3086,華義,225.0,OTC,2026-02-06,2026-02-07 12:58:19
3088,艾訊,80.8,OTC,2026-02-06,2026-02-07 12:58:19
3093,港建*,25.85,OTC,2026-02-06,2026-02-07 12:58:19
3095,及成,30.85,OTC,2026-02-06,2026-02-07 12:58:19
3105,穩懋,219.5,OTC,2026-02-06,2026-02-07 12:58:19
3114,好德,25.65,OTC,2026-02-06,2026-02-07 12:58:19
3115,富榮綱,10.3,OTC,2026-02-06,2026-02-07 12:58:19
3118,進階,32.75,OTC,2026-02-06,2026-02-07 12:58:19
3122,笙泉,25.2,OTC,2026-02-06,2026-02-07 12:58:19
3128,昇銳,26.2,OTC,2026-02-06,2026-02-07 12:58:19
3131,弘塑,1545.0,OTC,2026-02-06,2026-02-07 12:58:19
3141,晶宏,44.5,OTC,2026-02-06,2026-02-07 12:58:19
3147,大綜,161.0,OTC,2026-02-06,2026-02-07 12:58:19
3152,璟德,145.0,OTC,2026-02-06,2026-02-07 12:58:19
3158,嘉實,89.1,OTC,2026-02-06,2026-02-07 12:58:19
3162,精確,57.0,OTC,2026-02-06,2026-02-07 12:58:19
3163,波若威,489.0,OTC,2026-02-06,2026-02-07 12:58:19
3169,亞信,95.6,OTC,2026-02-06,2026-02-07 12:58:19
3171,炎洲流通,48.0,OTC,2026-02-06,2026-02-07 12:58:19
3176,基亞,31.6,OTC,2026-02-06,2026-02-07 12:58:19
3178,公準,56.9,OTC,2026-02-06,2026-02-07 12:58:19
3188,鑫龍騰,29.8,OTC,2026-02-06,2026-02-07 12:58:19
3191,雲嘉南,15.65,OTC,2026-02-06,2026-02-07 12:58:19
3205,佰研,47.25,OTC,2026-02-06,2026-02-07 12:58:19
3206,志豐,31.75,OTC,2026-02-06,2026-02-07 12:58:19
3207,耀勝,64.8,OTC,2026-02-06,2026-02-07 12:58:19
3211,順達,290.5,OTC,2026-02-06,2026-02-07 12:58:19
3213,茂訊,98.5,OTC,2026-02-06,2026-02-07 12:58:19
3217,優群,153.5,OTC,2026-02-06,2026-02-07 12:58:19
3218,大學光,138.5,OTC,2026-02-06,2026-02-07 12:58:19
3219,倚強科,58.3,OTC,2026-02-06,2026-02-07 12:58:19
3221,台嘉碩,28.25,OTC,2026-02-06,2026-02-07 12:58:19
3224,三顧,44.6,OTC,2026-02-06,2026-02-07 12:58:19
3226,龍鋒,51.7,OTC,2026-02-06,2026-02-07 12:58:19
3227,原相,187.0,OTC,2026-02-06,2026-02-07 12:58:19
3228,金麗科,122.5,OTC,2026-02-06,2026-02-07 12:58:19
3230,錦明,33.5,OTC,2026-02-06,2026-02-07 12:58:19
3232,昱捷,22.25,OTC,2026-02-06,2026-02-07 12:58:19
3234,光環,64.7,OTC,2026-02-06,2026-02-07 12:58:19
3236,千如,27.55,OTC,2026-02-06,2026-02-07 12:58:19
3252,海灣,18.55,OTC,2026-02-06,2026-02-07 12:58:19
3259,鑫創,18.7,OTC,2026-02-06,2026-02-07 12:58:19
3260,威剛,306.5,OTC,2026-02-06,2026-02-07 12:58:19
3264,欣銓,143.0,OTC,2026-02-06,2026-02-07 12:58:19
3265,台星科,132.5,OTC,2026-02-06,2026-02-07 12:58:19
3268,海德威,16.4,OTC,2026-02-06,2026-02-07 12:58:19
3272,東碩,19.2,OTC,2026-02-06,2026-02-07 12:58:19
3276,宇環,14.35,OTC,2026-02-06,2026-02-07 12:58:19
3284,太普高,22.1,OTC,2026-02-06,2026-02-07 12:58:19
3285,微端,29.35,OTC,2026-02-06,2026-02-07 12:58:19
3287,廣寰科,29.25,OTC,2026-02-06,2026-02-07 12:58:19
3288,點晶,16.15,OTC,2026-02-06,2026-02-07 12:58:19
3289,宜特,128.0,OTC,2026-02-06,2026-02-07 12:58:19
3290,東浦,48.55,OTC,2026-02-06,2026-02-07 12:58:19
3293,鈊象,681.0,OTC,2026-02-06,2026-02-07 12:58:19
3294,英濟,35.85,OTC,2026-02-06,2026-02-07 12:58:19
3297,杭特,37.6,OTC,2026-02-06,2026-02-07 12:58:19
3303,岱稜,44.6,OTC,2026-02-06,2026-02-07 12:58:19
3306,鼎天,46.1,OTC,2026-02-06,2026-02-07 12:58:19
3310,佳穎,73.0,OTC,2026-02-06,2026-02-07 12:58:19
3313,斐成,13.15,OTC,2026-02-06,2026-02-07 12:58:19
3317,尼克森,46.65,OTC,2026-02-06,2026-02-07 12:58:19
3322,建舜電,15.55,OTC,2026-02-06,2026-02-07 12:58:19
3323,加百裕,38.4,OTC,2026-02-06,2026-02-07 12:58:19
3324,雙鴻,1030.0,OTC,2026-02-06,2026-02-07 12:58:19
3325,旭品,14.8,OTC,2026-02-06,2026-02-07 12:58:19
3332,幸康,60.4,OTC,2026-02-06,2026-02-07 12:58:19
3339,泰谷,27.65,OTC,2026-02-06,2026-02-07 12:58:19
3349,寶德,28.9,OTC,2026-02-06,2026-02-07 12:58:19
3354,律勝,23.05,OTC,2026-02-06,2026-02-07 12:58:19
3357,臺慶科,146.5,OTC,2026-02-06,2026-02-07 12:58:19
3360,尚立,14.0,OTC,2026-02-06,2026-02-07 12:58:19
3362,先進光,100.5,OTC,2026-02-06,2026-02-07 12:58:19
3363,上詮,428.0,OTC,2026-02-06,2026-02-07 12:58:19
3372,典範,20.8,OTC,2026-02-06,2026-02-07 12:58:19
3373,熱映,18.25,OTC,2026-02-06,2026-02-07 12:58:19
3374,精材,155.5,OTC,2026-02-06,2026-02-07 12:58:19
3379,彬台,43.7,OTC,2026-02-06,2026-02-07 12:58:19
3388,崇越電,61.9,OTC,2026-02-06,2026-02-07 12:58:19
3390,旭軟,22.25,OTC,2026-02-06,2026-02-07 12:58:19
3402,漢科,123.0,OTC,2026-02-06,2026-02-07 12:58:19
3426,台興,45.75,OTC,2026-02-06,2026-02-07 12:58:19
3430,奇鈦科,65.4,OTC,2026-02-06,2026-02-07 12:58:19
3434,哲固,30.2,OTC,2026-02-06,2026-02-07 12:58:19
3438,類比科,46.7,OTC,2026-02-06,2026-02-07 12:58:19
3441,聯一光,34.65,OTC,2026-02-06,2026-02-07 12:58:19
3444,利機,63.8,OTC,2026-02-06,2026-02-07 12:58:19
3455,由田,110.0,OTC,2026-02-06,2026-02-07 12:58:19
3465,進泰電子,47.1,OTC,2026-02-06,2026-02-07 12:58:19
3466,德晉,37.85,OTC,2026-02-06,2026-02-07 12:58:19
3467,台灣精材,40.7,OTC,2026-02-06,2026-02-07 12:58:19
3479,安勤,88.6,OTC,2026-02-06,2026-02-07 12:58:19
3483,力致,84.6,OTC,2026-02-06,2026-02-07 12:58:19
3484,崧騰,49.25,OTC,2026-02-06,2026-02-07 12:58:19
3489,森寶,20.05,OTC,2026-02-06,2026-02-07 12:58:19
3490,單井,24.0,OTC,2026-02-06,2026-02-07 12:58:19
3491,昇達科,1255.0,OTC,2026-02-06,2026-02-07 12:58:19
3492,長盛,24.9,OTC,2026-02-06,2026-02-07 12:58:19
3498,陽程,48.65,OTC,2026-02-06,2026-02-07 12:58:19
3499,環天科,17.9,OTC,2026-02-06,2026-02-07 12:58:19
3508,位速,35.0,OTC,2026-02-06,2026-02-07 12:58:19
3511,矽瑪,21.0,OTC,2026-02-06,2026-02-07 12:58:19
3512,皇龍,20.5,OTC,2026-02-06,2026-02-07 12:58:19
3516,亞帝歐,20.1,OTC,2026-02-06,2026-02-07 12:58:19
3520,華盈,15.25,OTC,2026-02-06,2026-02-07 12:58:19
3521,台鋼建設,16.45,OTC,2026-02-06,2026-02-07 12:58:19
3522,御嵿,15.3,OTC,2026-02-06,2026-02-07 12:58:19
3523,迎輝,17.95,OTC,2026-02-06,2026-02-07 12:58:19
3526,凡甲,264.0,OTC,2026-02-06,2026-02-07 12:58:19
3527,聚積,56.5,OTC,2026-02-06,2026-02-07 12:58:19
3529,力旺,1850.0,OTC,2026-02-06,2026-02-07 12:58:19
3531,先益,0.0,OTC,2026-02-06,2026-02-07 12:58:19
3537,堡達,45.0,OTC,2026-02-06,2026-02-07 12:58:19
3540,曜越,29.75,OTC,2026-02-06,2026-02-07 12:58:19
3541,西柏,26.3,OTC,2026-02-06,2026-02-07 12:58:19
3546,宇峻,73.1,OTC,2026-02-06,2026-02-07 12:58:19
3548,兆利,83.8,OTC,2026-02-06,2026-02-07 12:58:19
3551,世禾,175.0,OTC,2026-02-06,2026-02-07 12:58:19
3552,同致,51.8,OTC,2026-02-06,2026-02-07 12:58:19
3555,博士旺,106.5,OTC,2026-02-06,2026-02-07 12:58:19
3556,禾瑞亞,46.0,OTC,2026-02-06,2026-02-07 12:58:19
3558,神準,130.5,OTC,2026-02-06,2026-02-07 12:58:19
3564,其陽,45.15,OTC,2026-02-06,2026-02-07 12:58:19
3567,逸昌,27.6,OTC,2026-02-06,2026-02-07 12:58:19
3570,大塚,170.0,OTC,2026-02-06,2026-02-07 12:58:19
3577,泓格,62.4,OTC,2026-02-06,2026-02-07 12:58:19
3580,友威科,66.4,OTC,2026-02-06,2026-02-07 12:58:19
3581,博磊,66.8,OTC,2026-02-06,2026-02-07 12:58:19
3587,閎康,213.5,OTC,2026-02-06,2026-02-07 12:58:19
3594,磐儀,37.6,OTC,2026-02-06,2026-02-07 12:58:19
3597,映興,24.85,OTC,2026-02-06,2026-02-07 12:58:19
3609,三一東林,35.95,OTC,2026-02-06,2026-02-07 12:58:19
3611,鼎翰,191.5,OTC,2026-02-06,2026-02-07 12:58:19
3615,安可,29.35,OTC,2026-02-06,2026-02-07 12:58:19
3623,富晶通,25.45,OTC,2026-02-06,2026-02-07 12:58:19
3624,光頡,52.3,OTC,2026-02-06,2026-02-07 12:58:19
3625,西勝,19.1,OTC,2026-02-06,2026-02-07 12:58:19
3628,盈正,63.5,OTC,2026-02-06,2026-02-07 12:58:19
3629,地心引力,0.0,OTC,2026-02-06,2026-02-07 12:58:19
3630,新鉅科,33.25,OTC,2026-02-06,2026-02-07 12:58:19
3631,晟楠,27.7,OTC,2026-02-06,2026-02-07 12:58:19
3632,研勤,9.29,OTC,2026-02-06,2026-02-07 12:58:19
3646,艾恩特,24.9,OTC,2026-02-06,2026-02-07 12:58:19
3663,鑫科,57.7,OTC,2026-02-06,2026-02-07 12:58:19
3664,安瑞-KY,15.0,OTC,2026-02-06,2026-02-07 12:58:19
3666,光耀,27.95,OTC,2026-02-06,2026-02-07 12:58:19
3672,康聯訊,11.65,OTC,2026-02-06,2026-02-07 12:58:19
3675,德微,146.5,OTC,2026-02-06,2026-02-07 12:58:19
3680,家登,393.0,OTC,2026-02-06,2026-02-07 12:58:19
3684,榮昌,54.3,OTC,2026-02-06,2026-02-07 12:58:19
3685,元創精密,38.0,OTC,2026-02-06,2026-02-07 12:58:19
3687,歐買尬,72.7,OTC,2026-02-06,2026-02-07 12:58:19
3689,湧德,111.0,OTC,2026-02-06,2026-02-07 12:58:19
3691,碩禾,104.5,OTC,2026-02-06,2026-02-07 12:58:19
3693,營邦,394.0,OTC,2026-02-06,2026-02-07 12:58:19
3707,漢磊,52.2,OTC,2026-02-06,2026-02-07 12:58:19
3709,鑫聯大投控,61.7,OTC,2026-02-06,2026-02-07 12:58:19
3710,連展投控,6.79,OTC,2026-02-06,2026-02-07 12:58:19
3713,新晶投控,19.4,OTC,2026-02-06,2026-02-07 12:58:19
4102,永日,20.1,OTC,2026-02-06,2026-02-07 12:58:19
4105,東洋,84.5,OTC,2026-02-06,2026-02-07 12:58:19
4107,邦特,119.0,OTC,2026-02-06,2026-02-07 12:58:19
4109,加捷生醫,13.8,OTC,2026-02-06,2026-02-07 12:58:19
4111,濟生,29.65,OTC,2026-02-06,2026-02-07 12:58:19
4113,聯上,20.45,OTC,2026-02-06,2026-02-07 12:58:19
4114,健喬,32.5,OTC,2026-02-06,2026-02-07 12:58:19
4116,明基醫,42.15,OTC,2026-02-06,2026-02-07 12:58:19
4120,友華,44.8,OTC,2026-02-06,2026-02-07 12:58:19
4121,優盛,17.6,OTC,2026-02-06,2026-02-07 12:58:19
4123,晟德,39.4,OTC,2026-02-06,2026-02-07 12:58:19
4126,太醫,80.0,OTC,2026-02-06,2026-02-07 12:58:19
4127,天良,39.05,OTC,2026-02-06,2026-02-07 12:58:19
4128,中天,18.8,OTC,2026-02-06,2026-02-07 12:58:19
4129,聯合,109.5,OTC,2026-02-06,2026-02-07 12:58:19
4130,健亞,31.75,OTC,2026-02-06,2026-02-07 12:58:19
4131,浩泰,39.2,OTC,2026-02-06,2026-02-07 12:58:19
4138,曜亞,59.2,OTC,2026-02-06,2026-02-07 12:58:19
4139,馬光-KY,24.0,OTC,2026-02-06,2026-02-07 12:58:19
4147,中裕,54.5,OTC,2026-02-06,2026-02-07 12:58:19
4153,鈺緯,33.75,OTC,2026-02-06,2026-02-07 12:58:19
4154,樂威科-KY,13.3,OTC,2026-02-06,2026-02-07 12:58:19
4157,太景*-KY,12.35,OTC,2026-02-06,2026-02-07 12:58:19
4160,訊聯基因,50.0,OTC,2026-02-06,2026-02-07 12:58:19
4161,聿新科,25.65,OTC,2026-02-06,2026-02-07 12:58:19
4162,智擎,62.5,OTC,2026-02-06,2026-02-07 12:58:19
4163,鐿鈦,102.5,OTC,2026-02-06,2026-02-07 12:58:19
4166,友霖,26.6,OTC,2026-02-06,2026-02-07 12:58:19
4167,松瑞藥,19.95,OTC,2026-02-06,2026-02-07 12:58:19
4168,醣聯,26.8,OTC,2026-02-06,2026-02-07 12:58:19
4171,瑞基,21.1,OTC,2026-02-06,2026-02-07 12:58:19
4173,久裕,21.3,OTC,2026-02-06,2026-02-07 12:58:19
4174,浩鼎,48.15,OTC,2026-02-06,2026-02-07 12:58:19
4175,杏一,57.9,OTC,2026-02-06,2026-02-07 12:58:19
4183,福永生技,16.35,OTC,2026-02-06,2026-02-07 12:58:19
4188,安克,13.9,OTC,2026-02-06,2026-02-07 12:58:19
4192,杏國,22.0,OTC,2026-02-06,2026-02-07 12:58:19
4198,欣大健康,32.0,OTC,2026-02-06,2026-02-07 12:58:19
4205,中華食,78.2,OTC,2026-02-06,2026-02-07 12:58:19
4207,環泰,18.9,OTC,2026-02-06,2026-02-07 12:58:19
4303,信立,56.6,OTC,2026-02-06,2026-02-07 12:58:19
4304,勝昱,28.45,OTC,2026-02-06,2026-02-07 12:58:19
4305,世坤,42.25,OTC,2026-02-06,2026-02-07 12:58:19
4401,東隆興,16.25,OTC,2026-02-06,2026-02-07 12:58:19
4402,郡都開發,19.5,OTC,2026-02-06,2026-02-07 12:58:19
4406,新昕纖,10.1,OTC,2026-02-06,2026-02-07 12:58:19
4413,飛寶企業,18.0,OTC,2026-02-06,2026-02-07 12:58:19
4416,三圓,28.9,OTC,2026-02-06,2026-02-07 12:58:19
4417,金洲,51.9,OTC,2026-02-06,2026-02-07 12:58:19
4419,皇家美食,45.8,OTC,2026-02-06,2026-02-07 12:58:19
4420,光明,50.9,OTC,2026-02-06,2026-02-07 12:58:19
4430,耀億,18.45,OTC,2026-02-06,2026-02-07 12:58:19
4432,銘旺實,16.15,OTC,2026-02-06,2026-02-07 12:58:19
4433,興采,21.95,OTC,2026-02-06,2026-02-07 12:58:19
4442,竣邦-KY,55.8,OTC,2026-02-06,2026-02-07 12:58:19
4502,健信,15.9,OTC,2026-02-06,2026-02-07 12:58:19
4503,金雨,38.0,OTC,2026-02-06,2026-02-07 12:58:19
4506,崇友,112.0,OTC,2026-02-06,2026-02-07 12:58:19
4510,高鋒,48.5,OTC,2026-02-06,2026-02-07 12:58:19
4513,福裕,18.65,OTC,2026-02-06,2026-02-07 12:58:19
4523,永彰,28.55,OTC,2026-02-06,2026-02-07 12:58:19
4527,方土霖,41.1,OTC,2026-02-06,2026-02-07 12:58:19
4528,江興鍛,19.8,OTC,2026-02-06,2026-02-07 12:58:19
4529,淳紳,3.48,OTC,2026-02-06,2026-02-07 12:58:19
4530,宏易,28.8,OTC,2026-02-06,2026-02-07 12:58:19
4533,協易機,32.85,OTC,2026-02-06,2026-02-07 12:58:19
4534,慶騰,21.4,OTC,2026-02-06,2026-02-07 12:58:19
4535,至興,29.75,OTC,2026-02-06,2026-02-07 12:58:19
4538,大詠城,17.85,OTC,2026-02-06,2026-02-07 12:58:19
4541,晟田,41.65,OTC,2026-02-06,2026-02-07 12:58:19
4542,科嶠,134.0,OTC,2026-02-06,2026-02-07 12:58:19
4543,萬在,29.75,OTC,2026-02-06,2026-02-07 12:58:19
4549,桓達,100.0,OTC,2026-02-06,2026-02-07 12:58:19
4550,長佳,26.7,OTC,2026-02-06,2026-02-07 12:58:19
4554,橙的,26.85,OTC,2026-02-06,2026-02-07 12:58:19
4556,旭然,27.5,OTC,2026-02-06,2026-02-07 12:58:19
4558,寶緯,19.2,OTC,2026-02-06,2026-02-07 12:58:19
4561,健椿,39.45,OTC,2026-02-06,2026-02-07 12:58:19
4563,百德,51.8,OTC,2026-02-06,2026-02-07 12:58:19
4568,科際精密,41.6,OTC,2026-02-06,2026-02-07 12:58:19
4577,達航科技,58.0,OTC,2026-02-06,2026-02-07 12:58:19
4580,捷流閥業,80.8,OTC,2026-02-06,2026-02-07 12:58:19
4584,君帆,46.0,OTC,2026-02-06,2026-02-07 12:58:19
4609,唐鋒,5.76,OTC,2026-02-06,2026-02-07 12:58:19
4702,中美實,9.72,OTC,2026-02-06,2026-02-07 12:58:19
4706,大恭,29.8,OTC,2026-02-06,2026-02-07 12:58:19
4707,磐亞,10.0,OTC,2026-02-06,2026-02-07 12:58:19
4711,永純,14.9,OTC,2026-02-06,2026-02-07 12:58:19
4714,永捷,16.3,OTC,2026-02-06,2026-02-07 12:58:19
4716,大立,14.95,OTC,2026-02-06,2026-02-07 12:58:19
4721,美琪瑪,63.4,OTC,2026-02-06,2026-02-07 12:58:19
4726,永昕,33.35,OTC,2026-02-06,2026-02-07 12:58:19
4728,雙美,392.0,OTC,2026-02-06,2026-02-07 12:58:19
4729,熒茂,21.2,OTC,2026-02-06,2026-02-07 12:58:19
4735,豪展,31.95,OTC,2026-02-06,2026-02-07 12:58:19
4741,泓瀚,21.75,OTC,2026-02-06,2026-02-07 12:58:19
4743,合一,58.7,OTC,2026-02-06,2026-02-07 12:58:19
4744,皇將,31.95,OTC,2026-02-06,2026-02-07 12:58:19
4745,合富-KY,21.9,OTC,2026-02-06,2026-02-07 12:58:19
4747,強生,56.7,OTC,2026-02-06,2026-02-07 12:58:19
4749,新應材,813.0,OTC,2026-02-06,2026-02-07 12:58:19
4754,國碳科,38.2,OTC,2026-02-06,2026-02-07 12:58:19
4760,勤凱,168.5,OTC,2026-02-06,2026-02-07 12:58:19
4767,誠泰科技,25.3,OTC,2026-02-06,2026-02-07 12:58:19
4768,晶呈科技,395.5,OTC,2026-02-06,2026-02-07 12:58:19
4772,台特化,304.0,OTC,2026-02-06,2026-02-07 12:58:19
4804,大略-KY,6.2,OTC,2026-02-06,2026-02-07 12:58:19
4806,桂田文創,9.83,OTC,2026-02-06,2026-02-07 12:58:19
4903,聯光通,38.6,OTC,2026-02-06,2026-02-07 12:58:19
4905,台聯電,0.0,OTC,2026-02-06,2026-02-07 12:58:19
4907,富宇,41.4,OTC,2026-02-06,2026-02-07 12:58:19
4908,前鼎,72.3,OTC,2026-02-06,2026-02-07 12:58:19
4909,新復興,53.5,OTC,2026-02-06,2026-02-07 12:58:19
4911,德英,41.0,OTC,2026-02-06,2026-02-07 12:58:19
4923,力士,31.75,OTC,2026-02-06,2026-02-07 12:58:19
4924,欣厚-KY,10.85,OTC,2026-02-06,2026-02-07 12:58:19
4931,新盛力,140.5,OTC,2026-02-06,2026-02-07 12:58:19
4933,友輝,56.2,OTC,2026-02-06,2026-02-07 12:58:19
4939,亞電,32.25,OTC,2026-02-06,2026-02-07 12:58:19
4946,辣椒,121.0,OTC,2026-02-06,2026-02-07 12:58:19
4950,金耘國際,17.6,OTC,2026-02-06,2026-02-07 12:58:19
4951,精拓科,68.7,OTC,2026-02-06,2026-02-07 12:58:19
4953,緯軟,117.5,OTC,2026-02-06,2026-02-07 12:58:19
4966,譜瑞-KY,519.0,OTC,2026-02-06,2026-02-07 12:58:19
4971,IET-KY,367.5,OTC,2026-02-06,2026-02-07 12:58:19
4972,湯石照明,18.0,OTC,2026-02-06,2026-02-07 12:58:19
4973,廣穎,41.75,OTC,2026-02-06,2026-02-07 12:58:19
4974,亞泰,74.6,OTC,2026-02-06,2026-02-07 12:58:19
4979,華星光,318.5,OTC,2026-02-06,2026-02-07 12:58:19
4987,科誠,79.8,OTC,2026-02-06,2026-02-07 12:58:19
4991,環宇-KY,263.0,OTC,2026-02-06,2026-02-07 12:58:19
4995,晶達,40.1,OTC,2026-02-06,2026-02-07 12:58:19
5009,榮剛,33.3,OTC,2026-02-06,2026-02-07 12:58:19
5011,久陽,11.75,OTC,2026-02-06,2026-02-07 12:58:19
5013,強新,29.55,OTC,2026-02-06,2026-02-07 12:58:19
5014,建錩,11.1,OTC,2026-02-06,2026-02-07 12:58:19
5015,華祺,29.05,OTC,2026-02-06,2026-02-07 12:58:19
5016,松和,25.2,OTC,2026-02-06,2026-02-07 12:58:19
5201,凱衛,40.3,OTC,2026-02-06,2026-02-07 12:58:19
5202,力新,14.65,OTC,2026-02-06,2026-02-07 12:58:19
5205,中茂,27.5,OTC,2026-02-06,2026-02-07 12:58:19
5206,坤悅,29.9,OTC,2026-02-06,2026-02-07 12:58:19
5209,新鼎,170.5,OTC,2026-02-06,2026-02-07 12:58:19
5210,寶碩,21.6,OTC,2026-02-06,2026-02-07 12:58:19
5211,蒙恬,24.7,OTC,2026-02-06,2026-02-07 12:58:19
5212,凌網,51.7,OTC,2026-02-06,2026-02-07 12:58:19
5213,亞昕,24.15,OTC,2026-02-06,2026-02-07 12:58:19
5220,萬達光電,18.0,OTC,2026-02-06,2026-02-07 12:58:19
5223,安力-KY,28.2,OTC,2026-02-06,2026-02-07 12:58:19
5227,立凱-KY,25.35,OTC,2026-02-06,2026-02-07 12:58:19
5228,鈺鎧,21.9,OTC,2026-02-06,2026-02-07 12:58:19
5230,雷笛克光學,17.05,OTC,2026-02-06,2026-02-07 12:58:19
5236,凌陽創新,119.0,OTC,2026-02-06,2026-02-07 12:58:19
5245,智晶,28.2,OTC,2026-02-06,2026-02-07 12:58:19
5251,天鉞電,32.55,OTC,2026-02-06,2026-02-07 12:58:19
5263,智崴,99.5,OTC,2026-02-06,2026-02-07 12:58:19
5272,笙科,20.65,OTC,2026-02-06,2026-02-07 12:58:19
5274,信驊,8900.0,OTC,2026-02-06,2026-02-07 12:58:19
5276,達輝-KY,0.0,OTC,2026-02-06,2026-02-07 12:58:19
5278,尚凡*,28.2,OTC,2026-02-06,2026-02-07 12:58:19
5287,數字,165.0,OTC,2026-02-06,2026-02-07 12:58:19
5289,宜鼎,711.0,OTC,2026-02-06,2026-02-07 12:58:19
5291,邑昇,36.0,OTC,2026-02-06,2026-02-07 12:58:19
5299,杰力,72.6,OTC,2026-02-06,2026-02-07 12:58:19
5301,寶得利,12.05,OTC,2026-02-06,2026-02-07 12:58:19
5302,太欣,11.0,OTC,2026-02-06,2026-02-07 12:58:19
5309,系統電,65.0,OTC,2026-02-06,2026-02-07 12:58:19
5310,天剛,24.55,OTC,2026-02-06,2026-02-07 12:58:19
5312,寶島科,98.1,OTC,2026-02-06,2026-02-07 12:58:19
5314,世紀*,87.8,OTC,2026-02-06,2026-02-07 12:58:19
5315,光聯,25.05,OTC,2026-02-06,2026-02-07 12:58:19
5321,美而快,28.9,OTC,2026-02-06,2026-02-07 12:58:19
5324,士開,10.55,OTC,2026-02-06,2026-02-07 12:58:19
5328,華容,24.0,OTC,2026-02-06,2026-02-07 12:58:19
5340,建榮,102.0,OTC,2026-02-06,2026-02-07 12:58:19
5344,立衛,14.3,OTC,2026-02-06,2026-02-07 12:58:19
5345,馥鴻,23.1,OTC,2026-02-06,2026-02-07 12:58:19
5347,世界,120.0,OTC,2026-02-06,2026-02-07 12:58:19
5348,正能量智能,17.55,OTC,2026-02-06,2026-02-07 12:58:19
5351,鈺創,52.3,OTC,2026-02-06,2026-02-07 12:58:19
5353,台林,25.2,OTC,2026-02-06,2026-02-07 12:58:19
5355,佳總,0.0,OTC,2026-02-06,2026-02-07 12:58:19
5356,協益,25.2,OTC,2026-02-06,2026-02-07 12:58:19
5364,力麗店,12.85,OTC,2026-02-06,2026-02-07 12:58:19
5371,中光電,82.2,OTC,2026-02-06,2026-02-07 12:58:19
5381,合正,25.15,OTC,2026-02-06,2026-02-07 12:58:19
5386,青雲,122.5,OTC,2026-02-06,2026-02-07 12:58:19
5392,能率,42.15,OTC,2026-02-06,2026-02-07 12:58:19
5398,慕康生醫,20.45,OTC,2026-02-06,2026-02-07 12:58:19
5403,中菲,110.0,OTC,2026-02-06,2026-02-07 12:58:19
5410,國眾,29.8,OTC,2026-02-06,2026-02-07 12:58:19
5425,台半,60.7,OTC,2026-02-06,2026-02-07 12:58:19
5426,振發,18.95,OTC,2026-02-06,2026-02-07 12:58:19
5432,新門,153.0,OTC,2026-02-06,2026-02-07 12:58:19
5438,東友,21.65,OTC,2026-02-06,2026-02-07 12:58:19
5439,高技,289.5,OTC,2026-02-06,2026-02-07 12:58:19
5443,均豪,85.8,OTC,2026-02-06,2026-02-07 12:58:19
5450,南良,14.45,OTC,2026-02-06,2026-02-07 12:58:19
5452,佶優,29.1,OTC,2026-02-06,2026-02-07 12:58:19
5455,昇益,0.0,OTC,2026-02-06,2026-02-07 12:58:19
5457,宣德,36.8,OTC,2026-02-06,2026-02-07 12:58:19
5460,同協,15.45,OTC,2026-02-06,2026-02-07 12:58:19
5464,霖宏,26.05,OTC,2026-02-06,2026-02-07 12:58:19
5465,富驊,29.5,OTC,2026-02-06,2026-02-07 12:58:19
5468,凱鈺,17.75,OTC,2026-02-06,2026-02-07 12:58:19
5474,聰泰,148.0,OTC,2026-02-06,2026-02-07 12:58:19
5475,德宏,136.5,OTC,2026-02-06,2026-02-07 12:58:19
5478,智冠,101.5,OTC,2026-02-06,2026-02-07 12:58:19
5481,新華,22.4,OTC,2026-02-06,2026-02-07 12:58:19
5483,中美晶,116.5,OTC,2026-02-06,2026-02-07 12:58:19
5487,通泰,27.65,OTC,2026-02-06,2026-02-07 12:58:19
5488,松普,9.75,OTC,2026-02-06,2026-02-07 12:58:19
5489,彩富,42.0,OTC,2026-02-06,2026-02-07 12:58:19
5490,同亨,25.3,OTC,2026-02-06,2026-02-07 12:58:19
5493,三聯,82.3,OTC,2026-02-06,2026-02-07 12:58:19
5498,凱崴,55.7,OTC,2026-02-06,2026-02-07 12:58:19
5508,永信建,58.9,OTC,2026-02-06,2026-02-07 12:58:19
5511,德昌,66.5,OTC,2026-02-06,2026-02-07 12:58:19
5512,力麒,7.94,OTC,2026-02-06,2026-02-07 12:58:19
5514,三豐,15.9,OTC,2026-02-06,2026-02-07 12:58:19
5516,雙喜,15.1,OTC,2026-02-06,2026-02-07 12:58:19
5520,力泰,87.9,OTC,2026-02-06,2026-02-07 12:58:19
5523,豐謙,30.5,OTC,2026-02-06,2026-02-07 12:58:19
5529,鉅陞,26.8,OTC,2026-02-06,2026-02-07 12:58:19
5530,龍巖,50.4,OTC,2026-02-06,2026-02-07 12:58:19
5536,聖暉*,621.0,OTC,2026-02-06,2026-02-07 12:58:19
5543,桓鼎-KY,30.0,OTC,2026-02-06,2026-02-07 12:58:19
5547,久舜,22.95,OTC,2026-02-06,2026-02-07 12:58:19
5548,安倉,23.2,OTC,2026-02-06,2026-02-07 12:58:19
5601,台聯櫃,0.0,OTC,2026-02-06,2026-02-07 12:58:19
5603,陸海,17.65,OTC,2026-02-06,2026-02-07 12:58:19
5604,中連,39.95,OTC,2026-02-06,2026-02-07 12:58:19
5609,中菲行,78.1,OTC,2026-02-06,2026-02-07 12:58:19
5701,劍湖山,3.9,OTC,2026-02-06,2026-02-07 12:58:19
5703,亞都,0.0,OTC,2026-02-06,2026-02-07 12:58:19
5704,老爺知,22.35,OTC,2026-02-06,2026-02-07 12:58:19
5864,致和證,22.7,OTC,2026-02-06,2026-02-07 12:58:19
5878,台名,41.7,OTC,2026-02-06,2026-02-07 12:58:19
5902,德記,40.0,OTC,2026-02-06,2026-02-07 12:58:19
5903,全家,194.5,OTC,2026-02-06,2026-02-07 12:58:19
5904,寶雅,426.5,OTC,2026-02-06,2026-02-07 12:58:19
5905,南仁湖,9.14,OTC,2026-02-06,2026-02-07 12:58:19
6015,宏遠證,12.75,OTC,2026-02-06,2026-02-07 12:58:19
6016,康和證,15.75,OTC,2026-02-06,2026-02-07 12:58:19
6020,大展證,18.95,OTC,2026-02-06,2026-02-07 12:58:19
6021,美好證,30.45,OTC,2026-02-06,2026-02-07 12:58:19
6023,元大期,95.0,OTC,2026-02-06,2026-02-07 12:58:19
6026,福邦證,14.45,OTC,2026-02-06,2026-02-07 12:58:19
6101,寬魚國際,39.0,OTC,2026-02-06,2026-02-07 12:58:19
6103,合邦,0.0,OTC,2026-02-06,2026-02-07 12:58:19
6104,創惟,96.0,OTC,2026-02-06,2026-02-07 12:58:19
6109,亞元,12.3,OTC,2026-02-06,2026-02-07 12:58:19
6111,大宇資,43.0,OTC,2026-02-06,2026-02-07 12:58:19
6113,亞矽,20.1,OTC,2026-02-06,2026-02-07 12:58:19
6114,久威,32.05,OTC,2026-02-06,2026-02-07 12:58:19
6118,建達,18.35,OTC,2026-02-06,2026-02-07 12:58:19
6121,新普,339.5,OTC,2026-02-06,2026-02-07 12:58:19
6122,擎邦,50.8,OTC,2026-02-06,2026-02-07 12:58:19
6123,上奇,44.6,OTC,2026-02-06,2026-02-07 12:58:19
6124,業強,29.6,OTC,2026-02-06,2026-02-07 12:58:19
6125,廣運,64.1,OTC,2026-02-06,2026-02-07 12:58:19
6126,信音,37.5,OTC,2026-02-06,2026-02-07 12:58:19
6127,九豪,35.25,OTC,2026-02-06,2026-02-07 12:58:19
6129,普誠,14.95,OTC,2026-02-06,2026-02-07 12:58:19
6130,上亞科技,41.25,OTC,2026-02-06,2026-02-07 12:58:19
6134,萬旭,32.4,OTC,2026-02-06,2026-02-07 12:58:19
6138,茂達,237.0,OTC,2026-02-06,2026-02-07 12:58:19
6140,訊達,21.9,OTC,2026-02-06,2026-02-07 12:58:19
6143,振曜,102.0,OTC,2026-02-06,2026-02-07 12:58:19
6144,得利影,17.9,OTC,2026-02-06,2026-02-07 12:58:19
6146,耕興,177.5,OTC,2026-02-06,2026-02-07 12:58:19
6147,頎邦,52.9,OTC,2026-02-06,2026-02-07 12:58:19
6148,驊宏資,34.5,OTC,2026-02-06,2026-02-07 12:58:19
6150,撼訊,59.6,OTC,2026-02-06,2026-02-07 12:58:19
6151,晉倫,28.85,OTC,2026-02-06,2026-02-07 12:58:19
6154,順發,13.7,OTC,2026-02-06,2026-02-07 12:58:19
6156,松上,20.4,OTC,2026-02-06,2026-02-07 12:58:19
6158,禾昌,20.7,OTC,2026-02-06,2026-02-07 12:58:19
6160,欣技,16.9,OTC,2026-02-06,2026-02-07 12:58:19
6161,捷波,42.25,OTC,2026-02-06,2026-02-07 12:58:19
6163,華電網,52.6,OTC,2026-02-06,2026-02-07 12:58:19
6167,久正,11.7,OTC,2026-02-06,2026-02-07 12:58:19
6169,昱泉,18.1,OTC,2026-02-06,2026-02-07 12:58:19
6170,統振,50.0,OTC,2026-02-06,2026-02-07 12:58:19
6171,大城地產,27.85,OTC,2026-02-06,2026-02-07 12:58:19
6173,信昌電,60.8,OTC,2026-02-06,2026-02-07 12:58:19
6174,安碁,21.9,OTC,2026-02-06,2026-02-07 12:58:19
6175,立敦,44.7,OTC,2026-02-06,2026-02-07 12:58:19
6179,亞通,27.15,OTC,2026-02-06,2026-02-07 12:58:19
6180,橘子,51.1,OTC,2026-02-06,2026-02-07 12:58:19
6182,合晶,33.65,OTC,2026-02-06,2026-02-07 12:58:19
6185,幃翔,14.35,OTC,2026-02-06,2026-02-07 12:58:19
6186,新潤,46.45,OTC,2026-02-06,2026-02-07 12:58:19
6187,萬潤,369.0,OTC,2026-02-06,2026-02-07 12:58:19
6188,廣明,98.0,OTC,2026-02-06,2026-02-07 12:58:19
6190,萬泰科,48.65,OTC,2026-02-06,2026-02-07 12:58:19
6194,育富,33.3,OTC,2026-02-06,2026-02-07 12:58:19
6195,詩肯,25.1,OTC,2026-02-06,2026-02-07 12:58:19
6198,瑞築,26.15,OTC,2026-02-06,2026-02-07 12:58:19
6199,天品,96.2,OTC,2026-02-06,2026-02-07 12:58:19
6203,海韻電,63.8,OTC,2026-02-06,2026-02-07 12:58:19
6204,艾華,66.0,OTC,2026-02-06,2026-02-07 12:58:19
6207,雷科,52.9,OTC,2026-02-06,2026-02-07 12:58:19
6208,日揚,44.55,OTC,2026-02-06,2026-02-07 12:58:19
6210,慶生,20.55,OTC,2026-02-06,2026-02-07 12:58:19
6212,理銘,37.8,OTC,2026-02-06,2026-02-07 12:58:19
6217,中探針,56.6,OTC,2026-02-06,2026-02-07 12:58:19
6218,豪勉,21.55,OTC,2026-02-06,2026-02-07 12:58:19
6219,富旺,15.65,OTC,2026-02-06,2026-02-07 12:58:19
6220,岳豐,30.05,OTC,2026-02-06,2026-02-07 12:58:19
6221,晉泰,28.8,OTC,2026-02-06,2026-02-07 12:58:19
6222,立軒,18.85,OTC,2026-02-06,2026-02-07 12:58:19
6223,旺矽,2670.0,OTC,2026-02-06,2026-02-07 12:58:19
6227,茂綸,82.0,OTC,2026-02-06,2026-02-07 12:58:19
6228,全譜,25.8,OTC,2026-02-06,2026-02-07 12:58:19
6229,研通,22.15,OTC,2026-02-06,2026-02-07 12:58:19
6231,系微,199.0,OTC,2026-02-06,2026-02-07 12:58:19
6233,旺玖,24.1,OTC,2026-02-06,2026-02-07 12:58:19
6234,高僑,27.0,OTC,2026-02-06,2026-02-07 12:58:19
6236,中湛,27.75,OTC,2026-02-06,2026-02-07 12:58:19
6237,驊訊,38.1,OTC,2026-02-06,2026-02-07 12:58:19
6240,松崗,0.0,OTC,2026-02-06,2026-02-07 12:58:19
6241,易通展,12.35,OTC,2026-02-06,2026-02-07 12:58:19
6242,立康,38.75,OTC,2026-02-06,2026-02-07 12:58:19
6244,茂迪,26.65,OTC,2026-02-06,2026-02-07 12:58:19
6245,立端,67.2,OTC,2026-02-06,2026-02-07 12:58:19
6246,臺龍,12.5,OTC,2026-02-06,2026-02-07 12:58:19
6248,沛波,21.7,OTC,2026-02-06,2026-02-07 12:58:19
6259,百徽,17.0,OTC,2026-02-06,2026-02-07 12:58:19
6261,久元,72.4,OTC,2026-02-06,2026-02-07 12:58:19
6263,普萊德,121.0,OTC,2026-02-06,2026-02-07 12:58:19
6264,富裔,7.08,OTC,2026-02-06,2026-02-07 12:58:19
6265,方土昶,40.05,OTC,2026-02-06,2026-02-07 12:58:19
6266,泰詠,28.55,OTC,2026-02-06,2026-02-07 12:58:19
6270,倍微,25.05,OTC,2026-02-06,2026-02-07 12:58:19
6274,台燿,519.0,OTC,2026-02-06,2026-02-07 12:58:19
6275,元山,51.2,OTC,2026-02-06,2026-02-07 12:58:19
6276,安鈦克,35.55,OTC,2026-02-06,2026-02-07 12:58:19
6279,胡連,111.5,OTC,2026-02-06,2026-02-07 12:58:19
6284,佳邦,82.7,OTC,2026-02-06,2026-02-07 12:58:19
6290,良維,172.0,OTC,2026-02-06,2026-02-07 12:58:19
6291,沛亨,213.0,OTC,2026-02-06,2026-02-07 12:58:19
6292,迅德,40.3,OTC,2026-02-06,2026-02-07 12:58:19
6294,智基,44.3,OTC,2026-02-06,2026-02-07 12:58:19
6411,晶焱,77.6,OTC,2026-02-06,2026-02-07 12:58:19
6417,韋僑,107.0,OTC,2026-02-06,2026-02-07 12:58:19
6418,詠昇,32.0,OTC,2026-02-06,2026-02-07 12:58:19
6419,京晨科,69.0,OTC,2026-02-06,2026-02-07 12:58:19
6423,億而得,81.4,OTC,2026-02-06,2026-02-07 12:58:19
6425,易發,66.0,OTC,2026-02-06,2026-02-07 12:58:19
6432,今展科,30.6,OTC,2026-02-06,2026-02-07 12:58:19
6435,大中,130.0,OTC,2026-02-06,2026-02-07 12:58:19
6441,廣錠,21.3,OTC,2026-02-06,2026-02-07 12:58:19
6461,益得,23.45,OTC,2026-02-06,2026-02-07 12:58:19
6462,神盾,107.5,OTC,2026-02-06,2026-02-07 12:58:19
6465,威潤,34.05,OTC,2026-02-06,2026-02-07 12:58:19
6469,大樹,91.7,OTC,2026-02-06,2026-02-07 12:58:19
6470,宇智,53.6,OTC,2026-02-06,2026-02-07 12:58:19
6474,華豫寧,35.75,OTC,2026-02-06,2026-02-07 12:58:19
6482,弘煜科,34.4,OTC,2026-02-06,2026-02-07 12:58:19
6485,點序,91.0,OTC,2026-02-06,2026-02-07 12:58:19
6486,互動,79.7,OTC,2026-02-06,2026-02-07 12:58:19
6488,環球晶,466.0,OTC,2026-02-06,2026-02-07 12:58:19
6492,生華科,54.6,OTC,2026-02-06,2026-02-07 12:58:19
6494,九齊,38.95,OTC,2026-02-06,2026-02-07 12:58:19
6496,科懋,26.9,OTC,2026-02-06,2026-02-07 12:58:19
6498,久禾光,84.7,OTC,2026-02-06,2026-02-07 12:58:19
6499,益安,91.0,OTC,2026-02-06,2026-02-07 12:58:19
6506,雙邦,15.55,OTC,2026-02-06,2026-02-07 12:58:19
6508,惠光,23.55,OTC,2026-02-06,2026-02-07 12:58:19
6509,聚和,33.8,OTC,2026-02-06,2026-02-07 12:58:19
6510,精測,3700.0,OTC,2026-02-06,2026-02-07 12:58:19
6512,啟發電,20.0,OTC,2026-02-06,2026-02-07 12:58:19
6516,勤崴國際,63.4,OTC,2026-02-06,2026-02-07 12:58:19
6517,保勝光學,63.8,OTC,2026-02-06,2026-02-07 12:58:19
6523,達爾膚,116.0,OTC,2026-02-06,2026-02-07 12:58:19
6527,明達醫,75.8,OTC,2026-02-06,2026-02-07 12:58:19
6530,創威,58.6,OTC,2026-02-06,2026-02-07 12:58:19
6532,瑞耘,54.3,OTC,2026-02-06,2026-02-07 12:58:19
6535,順藥,193.5,OTC,2026-02-06,2026-02-07 12:58:19
6538,倉和,68.8,OTC,2026-02-06,2026-02-07 12:58:19
6542,隆中,52.0,OTC,2026-02-06,2026-02-07 12:58:19
6546,正基,60.0,OTC,2026-02-06,2026-02-07 12:58:19
6547,高端疫苗,36.45,OTC,2026-02-06,2026-02-07 12:58:19
6548,長科*,49.35,OTC,2026-02-06,2026-02-07 12:58:19
6556,勝品,67.8,OTC,2026-02-06,2026-02-07 12:58:19
6560,欣普羅,40.25,OTC,2026-02-06,2026-02-07 12:58:19
6561,是方,318.0,OTC,2026-02-06,2026-02-07 12:58:19
6568,宏觀,161.0,OTC,2026-02-06,2026-02-07 12:58:19
6569,醫揚,103.0,OTC,2026-02-06,2026-02-07 12:58:19
6570,維田,40.0,OTC,2026-02-06,2026-02-07 12:58:19
6574,霈方,75.8,OTC,2026-02-06,2026-02-07 12:58:19
6576,逸達,87.0,OTC,2026-02-06,2026-02-07 12:58:19
6577,勁豐,71.1,OTC,2026-02-06,2026-02-07 12:58:19
6578,達邦蛋白,19.05,OTC,2026-02-06,2026-02-07 12:58:19
6584,南俊國際,343.0,OTC,2026-02-06,2026-02-07 12:58:19
6588,東典光電,70.0,OTC,2026-02-06,2026-02-07 12:58:19
6590,普鴻,72.0,OTC,2026-02-06,2026-02-07 12:58:19
6593,台灣銘板,38.7,OTC,2026-02-06,2026-02-07 12:58:19
6596,寬宏藝術,141.0,OTC,2026-02-06,2026-02-07 12:58:19
6597,立誠,60.8,OTC,2026-02-06,2026-02-07 12:58:19
6603,富強鑫,25.55,OTC,2026-02-06,2026-02-07 12:58:19
6609,瀧澤科,39.3,OTC,2026-02-06,2026-02-07 12:58:19
6612,奈米醫材,75.0,OTC,2026-02-06,2026-02-07 12:58:19
6613,朋億*,191.5,OTC,2026-02-06,2026-02-07 12:58:19
6615,慧智,34.0,OTC,2026-02-06,2026-02-07 12:58:19
6616,特昇-KY,10.15,OTC,2026-02-06,2026-02-07 12:58:19
6617,共信-KY,73.4,OTC,2026-02-06,2026-02-07 12:58:19
6620,漢達,77.5,OTC,2026-02-06,2026-02-07 12:58:19
6624,萬年清,64.0,OTC,2026-02-06,2026-02-07 12:58:19
6629,泰金-KY,124.0,OTC,2026-02-06,2026-02-07 12:58:19
6637,醫影,76.9,OTC,2026-02-06,2026-02-07 12:58:19
6640,均華,747.0,OTC,2026-02-06,2026-02-07 12:58:19
6642,富致,56.2,OTC,2026-02-06,2026-02-07 12:58:19
6643,M31,473.0,OTC,2026-02-06,2026-02-07 12:58:19
6649,台生材,45.9,OTC,2026-02-06,2026-02-07 12:58:19
6651,全宇昕,98.0,OTC,2026-02-06,2026-02-07 12:58:19
6654,天正國際,90.3,OTC,2026-02-06,2026-02-07 12:58:19
6661,威健生技,19.35,OTC,2026-02-06,2026-02-07 12:58:19
6662,樂斯科,29.85,OTC,2026-02-06,2026-02-07 12:58:19
6664,群翊,288.0,OTC,2026-02-06,2026-02-07 12:58:19
6667,信紘科,241.5,OTC,2026-02-06,2026-02-07 12:58:19
6679,鈺太,187.5,OTC,2026-02-06,2026-02-07 12:58:19
6680,鑫創電子,64.3,OTC,2026-02-06,2026-02-07 12:58:19
6683,雍智科技,708.0,OTC,2026-02-06,2026-02-07 12:58:19
6684,安格,47.3,OTC,2026-02-06,2026-02-07 12:58:19
6690,安碁資訊,161.5,OTC,2026-02-06,2026-02-07 12:58:19
6692,進能服,30.1,OTC,2026-02-06,2026-02-07 12:58:19
6693,廣閎科,85.8,OTC,2026-02-06,2026-02-07 12:58:19
6697,東捷資訊,43.95,OTC,2026-02-06,2026-02-07 12:58:19
6703,軒郁,104.5,OTC,2026-02-06,2026-02-07 12:58:19
6708,天擎,42.1,OTC,2026-02-06,2026-02-07 12:58:19
6712,長聖,152.0,OTC,2026-02-06,2026-02-07 12:58:19
6716,應廣,57.8,OTC,2026-02-06,2026-02-07 12:58:19
6720,久昌,160.0,OTC,2026-02-06,2026-02-07 12:58:19
6721,信實,62.0,OTC,2026-02-06,2026-02-07 12:58:19
6725,矽科宏晟,244.0,OTC,2026-02-06,2026-02-07 12:58:19
6727,亞泰金屬,184.0,OTC,2026-02-06,2026-02-07 12:58:19
6728,上洋,137.5,OTC,2026-02-06,2026-02-07 12:58:19
6730,常廣,36.8,OTC,2026-02-06,2026-02-07 12:58:19
6732,昇佳電子,174.5,OTC,2026-02-06,2026-02-07 12:58:19
6733,博晟生醫,36.45,OTC,2026-02-06,2026-02-07 12:58:19
6735,美達科技,58.6,OTC,2026-02-06,2026-02-07 12:58:19
6739,竹陞科技,857.0,OTC,2026-02-06,2026-02-07 12:58:19
6741,91APP*-KY,64.3,OTC,2026-02-06,2026-02-07 12:58:19
6751,智聯服務,55.8,OTC,2026-02-06,2026-02-07 12:58:19
6752,叡揚,113.5,OTC,2026-02-06,2026-02-07 12:58:19
6761,穩得,137.5,OTC,2026-02-06,2026-02-07 12:58:19
6762,達亞,168.0,OTC,2026-02-06,2026-02-07 12:58:19
6763,綠界科技*,51.9,OTC,2026-02-06,2026-02-07 12:58:19
6767,台微醫,29.0,OTC,2026-02-06,2026-02-07 12:58:19
6785,昱展新藥,260.0,OTC,2026-02-06,2026-02-07 12:58:19
6788,華景電,304.5,OTC,2026-02-06,2026-02-07 12:58:19
6791,虎門科技,103.5,OTC,2026-02-06,2026-02-07 12:58:19
6803,崑鼎,300.5,OTC,2026-02-06,2026-02-07 12:58:19
6804,明係,16.9,OTC,2026-02-06,2026-02-07 12:58:19
6811,宏碁資訊,207.0,OTC,2026-02-06,2026-02-07 12:58:19
6821,聯寶,37.05,OTC,2026-02-06,2026-02-07 12:58:19
6823,濾能,61.7,OTC,2026-02-06,2026-02-07 12:58:19
6829,千附精密,105.5,OTC,2026-02-06,2026-02-07 12:58:19
6840,東研信超,62.5,OTC,2026-02-06,2026-02-07 12:58:19
6841,長佳智能,70.3,OTC,2026-02-06,2026-02-07 12:58:19
6843,進典,49.2,OTC,2026-02-06,2026-02-07 12:58:19
6844,諾貝兒,0.0,OTC,2026-02-06,2026-02-07 12:58:19
6846,綠茵,73.9,OTC,2026-02-06,2026-02-07 12:58:19
6855,數泓科,117.0,OTC,2026-02-06,2026-02-07 12:58:19
6856,鑫傳,57.8,OTC,2026-02-06,2026-02-07 12:58:19
6859,伯特光,109.0,OTC,2026-02-06,2026-02-07 12:58:19
6865,偉康科技,44.5,OTC,2026-02-06,2026-02-07 12:58:19
6870,騰雲,187.0,OTC,2026-02-06,2026-02-07 12:58:19
6872,浩宇生醫,19.6,OTC,2026-02-06,2026-02-07 12:58:19
6874,倍力,61.8,OTC,2026-02-06,2026-02-07 12:58:19
6875,國邑*,41.9,OTC,2026-02-06,2026-02-07 12:58:19
6877,鏵友益,83.0,OTC,2026-02-06,2026-02-07 12:58:19
6881,潤德,0.0,OTC,2026-02-06,2026-02-07 12:58:19
6884,海柏特,37.45,OTC,2026-02-06,2026-02-07 12:58:19
6894,衛司特,233.5,OTC,2026-02-06,2026-02-07 12:58:19
6895,宏碩系統,174.0,OTC,2026-02-06,2026-02-07 12:58:19
6899,創為精密,51.8,OTC,2026-02-06,2026-02-07 12:58:19
6903,巨漢,235.5,OTC,2026-02-06,2026-02-07 12:58:19
6904,伯鑫,125.0,OTC,2026-02-06,2026-02-07 12:58:19
6907,雅特力-KY,44.2,OTC,2026-02-06,2026-02-07 12:58:19
6910,德鴻,35.5,OTC,2026-02-06,2026-02-07 12:58:19
6913,鴻呈,117.5,OTC,2026-02-06,2026-02-07 12:58:19
6922,宸曜,153.0,OTC,2026-02-06,2026-02-07 12:58:19
6925,意藍,80.6,OTC,2026-02-06,2026-02-07 12:58:19
6929,佑全,33.5,OTC,2026-02-06,2026-02-07 12:58:19
6953,家碩,224.0,OTC,2026-02-06,2026-02-07 12:58:19
6961,旅天下,59.2,OTC,2026-02-06,2026-02-07 12:58:19
6967,汎瑋材料,67.0,OTC,2026-02-06,2026-02-07 12:58:19
6968,萬達寵物,48.9,OTC,2026-02-06,2026-02-07 12:58:19
6971,惠民實業,29.85,OTC,2026-02-06,2026-02-07 12:58:19
6982,大井泵浦,61.3,OTC,2026-02-06,2026-02-07 12:58:19
6996,力領科技,163.0,OTC,2026-02-06,2026-02-07 12:58:19
6997,博弘,0.0,OTC,2026-02-06,2026-02-07 12:58:19
7402,邑錡,118.5,OTC,2026-02-06,2026-02-07 12:58:19
7547,碩網,55.7,OTC,2026-02-06,2026-02-07 12:58:19
7556,意德士,160.5,OTC,2026-02-06,2026-02-07 12:58:19
7584,樂意,37.7,OTC,2026-02-06,2026-02-07 12:58:19
7642,昶瑞機電,79.4,OTC,2026-02-06,2026-02-07 12:58:19
7703,銳澤,196.5,OTC,2026-02-06,2026-02-07 12:58:19
7704,明遠精密,44.6,OTC,2026-02-06,2026-02-07 12:58:19
7708,全家餐飲,93.7,OTC,2026-02-06,2026-02-07 12:58:19
7709,榮田,70.6,OTC,2026-02-06,2026-02-07 12:58:19
7712,博盛半導體,85.7,OTC,2026-02-06,2026-02-07 12:58:19
7713,威力德生醫,70.5,OTC,2026-02-06,2026-02-07 12:58:19
7714,創泓科技,139.5,OTC,2026-02-06,2026-02-07 12:58:19
7715,裕山,30.7,OTC,2026-02-06,2026-02-07 12:58:19
7716,昱臺國際,25.7,OTC,2026-02-06,2026-02-07 12:58:19
7717,萊德光電-KY,592.0,OTC,2026-02-06,2026-02-07 12:58:19
7718,友鋮,45.05,OTC,2026-02-06,2026-02-07 12:58:19
7723,築間,32.75,OTC,2026-02-06,2026-02-07 12:58:19
7728,光焱科技,761.0,OTC,2026-02-06,2026-02-07 12:58:19
7734,印能科技,1355.0,OTC,2026-02-06,2026-02-07 12:58:19
7738,東聯互動,165.5,OTC,2026-02-06,2026-02-07 12:58:19
7743,金利食安,20.4,OTC,2026-02-06,2026-02-07 12:58:19
7744,崴寶,363.0,OTC,2026-02-06,2026-02-07 12:58:19
7747,昕奇雲端,118.5,OTC,2026-02-06,2026-02-07 12:58:19
7751,竑騰,801.0,OTC,2026-02-06,2026-02-07 12:58:19
7753,星亞,42.45,OTC,2026-02-06,2026-02-07 12:58:19
7757,金色三麥,111.0,OTC,2026-02-06,2026-02-07 12:58:19
7767,仁大資訊,46.7,OTC,2026-02-06,2026-02-07 12:58:19
7770,君曜,52.3,OTC,2026-02-06,2026-02-07 12:58:19
7777,能率亞洲,35.5,OTC,2026-02-06,2026-02-07 12:58:19
7782,光速火箭,27.2,OTC,2026-02-06,2026-02-07 12:58:19
7792,安葆,298.0,OTC,2026-02-06,2026-02-07 12:58:19
7805,威聯通,560.0,OTC,2026-02-06,2026-02-07 12:58:19
7810,捷創科技,195.0,OTC,2026-02-06,2026-02-07 12:58:19
8024,佑華,13.45,OTC,2026-02-06,2026-02-07 12:58:19
8027,鈦昇,102.5,OTC,2026-02-06,2026-02-07 12:58:19
8032,光菱,36.15,OTC,2026-02-06,2026-02-07 12:58:19
8034,榮群,24.05,OTC,2026-02-06,2026-02-07 12:58:19
8038,長園科,45.9,OTC,2026-02-06,2026-02-07 12:58:19
8040,九暘,45.2,OTC,2026-02-06,2026-02-07 12:58:19
8042,金山電,52.2,OTC,2026-02-06,2026-02-07 12:58:19
8043,蜜望實,69.6,OTC,2026-02-06,2026-02-07 12:58:19
8044,網家,27.8,OTC,2026-02-06,2026-02-07 12:58:19
8047,星雲,48.2,OTC,2026-02-06,2026-02-07 12:58:19
8048,德勝,54.9,OTC,2026-02-06,2026-02-07 12:58:19
8049,晶采,26.6,OTC,2026-02-06,2026-02-07 12:58:19
8050,廣積,41.8,OTC,2026-02-06,2026-02-07 12:58:19
8054,安國,124.5,OTC,2026-02-06,2026-02-07 12:58:19
8059,凱碩,19.95,OTC,2026-02-06,2026-02-07 12:58:19
8064,東捷,51.2,OTC,2026-02-06,2026-02-07 12:58:19
8066,來思達,20.0,OTC,2026-02-06,2026-02-07 12:58:19
8067,志旭,14.45,OTC,2026-02-06,2026-02-07 12:58:19
8068,全達,22.3,OTC,2026-02-06,2026-02-07 12:58:19
8069,元太,172.5,OTC,2026-02-06,2026-02-07 12:58:19
8071,能率網通,17.2,OTC,2026-02-06,2026-02-07 12:58:19
8074,鉅橡,59.8,OTC,2026-02-06,2026-02-07 12:58:19
8076,伍豐,23.4,OTC,2026-02-06,2026-02-07 12:58:19
8077,洛碁,45.7,OTC,2026-02-06,2026-02-07 12:58:19
8080,泰霖,30.1,OTC,2026-02-06,2026-02-07 12:58:19
8083,瑞穎,174.0,OTC,2026-02-06,2026-02-07 12:58:19
8084,巨虹,53.7,OTC,2026-02-06,2026-02-07 12:58:19
8085,福華,17.55,OTC,2026-02-06,2026-02-07 12:58:19
8086,宏捷科,111.5,OTC,2026-02-06,2026-02-07 12:58:19
8087,麗升能源,28.0,OTC,2026-02-06,2026-02-07 12:58:19
8088,品安,51.9,OTC,2026-02-06,2026-02-07 12:58:19
8089,康全電訊,26.35,OTC,2026-02-06,2026-02-07 12:58:19
8091,翔名,131.5,OTC,2026-02-06,2026-02-07 12:58:19
8092,建暐,14.3,OTC,2026-02-06,2026-02-07 12:58:19
8093,保銳,19.5,OTC,2026-02-06,2026-02-07 12:58:19
8096,擎亞,61.0,OTC,2026-02-06,2026-02-07 12:58:19
8097,常珵,56.2,OTC,2026-02-06,2026-02-07 12:58:19
8099,大世科,68.0,OTC,2026-02-06,2026-02-07 12:58:19
8102,傑霖科技,55.8,OTC,2026-02-06,2026-02-07 12:58:19
8107,大億金茂,14.95,OTC,2026-02-06,2026-02-07 12:58:19
8109,博大,107.0,OTC,2026-02-06,2026-02-07 12:58:19
8111,立碁,64.0,OTC,2026-02-06,2026-02-07 12:58:19
8121,越峰,26.3,OTC,2026-02-06,2026-02-07 12:58:19
8147,正淩,120.0,OTC,2026-02-06,2026-02-07 12:58:19
8155,博智,210.5,OTC,2026-02-06,2026-02-07 12:58:19
8171,天宇,28.5,OTC,2026-02-06,2026-02-07 12:58:19
8176,智捷,10.95,OTC,2026-02-06,2026-02-07 12:58:19
8182,加高,27.0,OTC,2026-02-06,2026-02-07 12:58:19
8183,精星,30.85,OTC,2026-02-06,2026-02-07 12:58:19
8227,巨有科技,134.0,OTC,2026-02-06,2026-02-07 12:58:19
8234,新漢,66.9,OTC,2026-02-06,2026-02-07 12:58:19
8240,華宏,39.7,OTC,2026-02-06,2026-02-07 12:58:19
8255,朋程,126.5,OTC,2026-02-06,2026-02-07 12:58:19
8272,全景軟體,77.7,OTC,2026-02-06,2026-02-07 12:58:19
8277,商丞,9.34,OTC,2026-02-06,2026-02-07 12:58:19
8279,生展,130.5,OTC,2026-02-06,2026-02-07 12:58:19
8284,三竹,63.0,OTC,2026-02-06,2026-02-07 12:58:19
8289,泰藝,27.6,OTC,2026-02-06,2026-02-07 12:58:19
8299,群聯,1895.0,OTC,2026-02-06,2026-02-07 12:58:19
8342,益張,85.6,OTC,2026-02-06,2026-02-07 12:58:19
8349,恒耀,43.3,OTC,2026-02-06,2026-02-07 12:58:19
8349A,恒耀甲特,45.8,OTC,2026-02-06,2026-02-07 12:58:19
8354,冠好,15.15,OTC,2026-02-06,2026-02-07 12:58:19
8358,金居,238.0,OTC,2026-02-06,2026-02-07 12:58:19
8383,千附,40.35,OTC,2026-02-06,2026-02-07 12:58:19
8390,金益鼎,95.1,OTC,2026-02-06,2026-02-07 12:58:19
8401,白紗科,28.85,OTC,2026-02-06,2026-02-07 12:58:19
8403,盛弘,23.55,OTC,2026-02-06,2026-02-07 12:58:19
8409,商之器,20.25,OTC,2026-02-06,2026-02-07 12:58:19
8410,森田,37.5,OTC,2026-02-06,2026-02-07 12:58:19
8415,大國鋼,34.05,OTC,2026-02-06,2026-02-07 12:58:19
8416,實威,177.5,OTC,2026-02-06,2026-02-07 12:58:19
8421,旭源,13.15,OTC,2026-02-06,2026-02-07 12:58:19
8423,保綠-KY,18.7,OTC,2026-02-06,2026-02-07 12:58:19
8424,惠普,73.3,OTC,2026-02-06,2026-02-07 12:58:19
8426,紅木-KY,27.05,OTC,2026-02-06,2026-02-07 12:58:19
8431,匯鑽科,63.4,OTC,2026-02-06,2026-02-07 12:58:19
8432,東生華,56.1,OTC,2026-02-06,2026-02-07 12:58:19
8433,弘帆,54.5,OTC,2026-02-06,2026-02-07 12:58:19
8435,鉅邁,55.0,OTC,2026-02-06,2026-02-07 12:58:19
8436,大江,141.5,OTC,2026-02-06,2026-02-07 12:58:19
8437,大地-KY,15.8,OTC,2026-02-06,2026-02-07 12:58:19
8440,綠電,25.3,OTC,2026-02-06,2026-02-07 12:58:19
8444,綠河-KY,9.96,OTC,2026-02-06,2026-02-07 12:58:19
8446,華研,93.7,OTC,2026-02-06,2026-02-07 12:58:19
8450,霹靂,17.0,OTC,2026-02-06,2026-02-07 12:58:19
8455,大拓-KY,20.65,OTC,2026-02-06,2026-02-07 12:58:19
8472,夠麻吉,0.0,OTC,2026-02-06,2026-02-07 12:58:19
8477,創業家,12.55,OTC,2026-02-06,2026-02-07 12:58:19
8489,三貝德,37.35,OTC,2026-02-06,2026-02-07 12:58:19
8905,裕國,39.0,OTC,2026-02-06,2026-02-07 12:58:19
8906,花王,33.95,OTC,2026-02-06,2026-02-07 12:58:19
8908,欣雄,41.2,OTC,2026-02-06,2026-02-07 12:58:19
8916,光隆,48.8,OTC,2026-02-06,2026-02-07 12:58:19
8917,欣泰,57.2,OTC,2026-02-06,2026-02-07 12:58:19
8921,沈氏,18.4,OTC,2026-02-06,2026-02-07 12:58:19
8923,時報,0.0,OTC,2026-02-06,2026-02-07 12:58:19
8924,大田,71.0,OTC,2026-02-06,2026-02-07 12:58:19
8927,北基,24.1,OTC,2026-02-06,2026-02-07 12:58:19
8928,鉅明,25.9,OTC,2026-02-06,2026-02-07 12:58:19
8929,富堡,16.4,OTC,2026-02-06,2026-02-07 12:58:19
8930,青鋼,30.05,OTC,2026-02-06,2026-02-07 12:58:19
8931,大汽電,44.7,OTC,2026-02-06,2026-02-07 12:58:19
8932,智通*,192.0,OTC,2026-02-06,2026-02-07 12:58:19
8933,愛地雅,7.22,OTC,2026-02-06,2026-02-07 12:58:19
8935,邦泰,21.1,OTC,2026-02-06,2026-02-07 12:58:19
8936,國統,50.3,OTC,2026-02-06,2026-02-07 12:58:19
8937,合騏,128.5,OTC,2026-02-06,2026-02-07 12:58:19
8938,明安,69.3,OTC,2026-02-06,2026-02-07 12:58:19
8941,關中,46.45,OTC,2026-02-06,2026-02-07 12:58:19
8942,森鉅,36.9,OTC,2026-02-06,2026-02-07 12:58:19
9949,琉園,26.55,OTC,2026-02-06,2026-02-07 12:58:19
9950,萬國通,10.9,OTC,2026-02-06,2026-02-07 12:58:19
9951,皇田,54.8,OTC,2026-02-06,2026-02-07 12:58:19
9960,邁達康,0.0,OTC,2026-02-06,2026-02-07 12:58:19
9962,有益,11.5,OTC,2026-02-06,2026-02-07 12:58:19
