出表日期,年度,季別,公司代號,公司名稱,營業活動之淨現金流入（流出）,投資活動之淨現金流入（流出）,籌資活動之淨現金流入（流出）,匯率變動對現金及約當現金之影響,本期現金及約當現金增加（減少）數,期初現金及約當現金餘額,期末現金及約當現金餘額
"114/10/29","108","3","1240","茂生農經","86809.00","-1942.00","24009.00","--","108876.00","12864.00","121740.00"
"114/10/29","108","3","1259","安心","726333.00","-149310.00","-445103.00","-4388.00","127532.00","1748383.00","1875915.00"
"114/10/29","108","3","1264","德麥","415024.00","-66719.00","-397797.00","-11562.00","-61054.00","1007970.00","946916.00"
"114/10/29","108","3","1268","漢來美食","384428.00","-101702.00","-345000.00","-27.00","-62301.00","399961.00","337660.00"
"114/10/29","108","3","1336","台翰","346113.00","-83633.00","-198210.00","-16552.00","47718.00","297518.00","345236.00"
"114/10/29","108","3","1565","精華","1230250.00","-280654.00","-1310818.00","823.00","-360399.00","2425530.00","2065131.00"
"114/10/29","108","3","1569","濱川","496869.00","-499863.00","96789.00","9345.00","103140.00","576252.00","679392.00"
"114/10/29","108","3","1570","力肯","42581.00","-5056.00","-42591.00","65.00","-5001.00","146818.00","141817.00"
"114/10/29","108","3","1580","新麥","455653.00","-170651.00","-395781.00","-18438.00","-129217.00","807198.00","677981.00"
"114/10/29","108","3","1584","精剛","-21512.00","65457.00","-91720.00","293.00","-47482.00","106763.00","59281.00"
"114/10/29","108","3","1586","和勤","394992.00","-374602.00","92910.00","-17039.00","96261.00","213883.00","310144.00"
"114/10/29","108","3","1591","駿吉-KY","134923.00","-25234.00","-64051.00","1574.00","47212.00","63124.00","110336.00"
"114/10/29","108","3","1593","祺驊","65214.00","48153.00","-130190.00","332.00","-16491.00","171089.00","154598.00"
"114/10/29","108","3","1595","川寶","25847.00","-60242.00","12976.00","-10009.00","-31428.00","779682.00","748254.00"
"114/10/29","108","3","1599","宏佳騰","23579.00","-182607.00","-56497.00","-13849.00","-229374.00","912234.00","682860.00"
"114/10/29","108","3","1742","台蠟","-173674.00","-3039.00","133549.00","-201.00","-43365.00","108386.00","65021.00"
"114/10/29","108","3","1777","生泰","142643.00","61002.00","-179386.00","--","24259.00","380310.00","404569.00"
"114/10/29","108","3","1781","合世","-17521.00","-44080.00","71109.00","-520.00","8988.00","158696.00","167684.00"
"114/10/29","108","3","1784","訊聯","-22341.00","85203.00","-66346.00","-107.00","-3591.00","96049.00","92458.00"
"114/10/29","108","3","1785","光洋科","74068.00","-1582075.00","1379045.00","-64688.00","-193650.00","795019.00","601369.00"
"114/10/29","108","3","1788","杏昌","139443.00","-21515.00","-110790.00","303.00","7441.00","285886.00","293327.00"
"114/10/29","108","3","1796","金穎生技","2825.00","-49884.00","374886.00","-772.00","327055.00","110383.00","437438.00"
"114/10/29","108","3","1799","易威","-117191.00","-32187.00","96176.00","-1980.00","-55182.00","209649.00","154467.00"
"114/10/29","108","3","1813","寶利徠","53274.00","-80393.00","-81249.00","-571.00","-108939.00","214928.00","105989.00"
"114/10/29","108","3","1815","富喬","27528.00","-626083.00","572655.00","-4376.00","-30276.00","1158322.00","1128046.00"
"114/10/29","108","3","2035","唐榮公司","182952.00","867822.00","-1291982.00","--","-241208.00","268484.00","27276.00"
"114/10/29","108","3","2061","風青","114557.00","5184.00","-123747.00","-2060.00","-6066.00","98453.00","92387.00"
"114/10/29","108","3","2063","世鎧","142400.00","-8601.00","-126028.00","-964.00","6807.00","162245.00","169052.00"
"114/10/29","108","3","2064","晉椿","301444.00","-15433.00","-266491.00","-6818.00","12702.00","256625.00","269327.00"
"114/10/29","108","3","2065","世豐","144473.00","-106756.00","64747.00","--","102464.00","83425.00","185889.00"
"114/10/29","108","3","2066","世德","76037.00","460769.00","-401261.00","-3986.00","131559.00","194788.00","326347.00"
"114/10/29","108","3","2067","嘉鋼","-18427.00","-244201.00","201102.00","-3715.00","-65241.00","163475.00","98234.00"
"114/10/29","108","3","2070","精湛","61201.00","16623.00","-111303.00","1980.00","-31499.00","300546.00","269047.00"
"114/10/29","108","3","2221","大甲","250347.00","-37946.00","-164624.00","-3236.00","44541.00","122110.00","166651.00"
"114/10/29","108","3","2230","泰茂","44805.00","48679.00","-101847.00","-7125.00","-15488.00","172349.00","156861.00"
"114/10/29","108","3","2235","謚源","159387.00","-59694.00","-107573.00","--","-7880.00","56394.00","48514.00"
"114/10/29","108","3","2596","綠意","-421421.00","-2495.00","237200.00","--","-186716.00","367798.00","181082.00"
"114/10/29","108","3","2640","大車隊","533527.00","47882.00","-515642.00","--","65767.00","449836.00","515603.00"
"114/10/29","108","3","2641","正德","208120.00","-213906.00","-122128.00","2580.00","-125334.00","167166.00","41832.00"
"114/10/29","108","3","2643","捷迅","158243.00","-1080.00","-58812.00","2944.00","101295.00","370377.00","471672.00"
"114/10/29","108","3","2718","全心投控","2672.00","9572.00","248837.00","--","261081.00","83097.00","344178.00"
"114/10/29","108","3","2719","燦星旅","-83298.00","-39703.00","-13504.00","--","-136505.00","237951.00","101446.00"
"114/10/29","108","3","2724","藝舍-KY","128792.00","320924.00","-458925.00","-12658.00","-21867.00","47545.00","25678.00"
"114/10/29","108","3","2726","雅茗-KY","352194.00","-69235.00","-204877.00","-12191.00","65891.00","235438.00","301329.00"
"114/10/29","108","3","2729","瓦城","829681.00","-296360.00","-508840.00","-4327.00","20154.00","308141.00","328295.00"
"114/10/29","108","3","2732","六角","847049.00","-317036.00","-197010.00","-13658.00","319345.00","717236.00","1036581.00"
"114/10/29","108","3","2734","易飛網","-5802.00","-19677.00","-31012.00","155.00","-56336.00","123091.00","66755.00"
"114/10/29","108","3","2736","富野","112529.00","-127443.00","-85131.00","-5662.00","-105707.00","286458.00","180751.00"
"114/10/29","108","3","2740","天蔥","-32295.00","-9275.00","-14688.00","-156.00","-56414.00","82682.00","26268.00"
"114/10/29","108","3","2743","山富","182373.00","-53026.00","22124.00","--","151471.00","454026.00","605497.00"
"114/10/29","108","3","2745","五福","116688.00","-2814.00","-37281.00","--","76593.00","426106.00","502699.00"
"114/10/29","108","3","2752","豆府","214737.00","-10559.00","156647.00","--","360825.00","326114.00","686939.00"
"114/10/29","108","3","2754","亞洲藏壽司","382117.00","-177548.00","124046.00","--","328615.00","121505.00","450120.00"
"114/10/29","108","3","2916","滿心","83484.00","-32619.00","-55029.00","--","-4164.00","41784.00","37620.00"
"114/10/29","108","3","2924","宏太-KY","-19977.00","-6812.00","-2159.00","-4924.00","-33872.00","150982.00","117110.00"
"114/10/29","108","3","2926","誠品生活","1353809.00","-275822.00","-1415643.00","2348.00","-335308.00","1721934.00","1386626.00"
"114/10/29","108","3","2937","集雅社","17843.00","1961.00","-84037.00","--","-64233.00","125760.00","61527.00"
"114/10/29","108","3","3064","泰偉","-166337.00","-55730.00","265518.00","8693.00","52144.00","56082.00","108226.00"
"114/10/29","108","3","3066","李洲","24037.00","846.00","-23619.00","4449.00","5713.00","81414.00","87127.00"
"114/10/29","108","3","3067","全域","29057.00","1127.00","151.00","-4086.00","26249.00","11824.00","38073.00"
"114/10/29","108","3","3071","協禧","192149.00","-215205.00","722.00","-19350.00","-41684.00","950129.00","908445.00"
"114/10/29","108","3","3073","天方能源","27376.00","-15063.00","-23117.00","-343.00","-11147.00","92468.00","81321.00"
"114/10/29","108","3","3078","僑威","876883.00","-200444.00","-600462.00","-27203.00","48774.00","1179759.00","1228533.00"
"114/10/29","108","3","3081","聯亞","556489.00","-902698.00","-461347.00","112.00","-807444.00","2048546.00","1241102.00"
"114/10/29","108","3","3083","網龍","108503.00","-14920.00","-7227.00","-2066.00","84290.00","343676.00","427966.00"
"114/10/29","108","3","3085","新零售","-34049.00","18479.00","-10005.00","455.00","-25120.00","33204.00","8084.00"
"114/10/29","108","3","3086","華義","41718.00","-15222.00","-34806.00","0.00","-8310.00","80748.00","72438.00"
"114/10/29","108","3","3088","艾訊","48319.00","92187.00","-318870.00","-8876.00","-187240.00","1019000.00","831760.00"
"114/10/29","108","3","3093","港建*","-80987.00","-39504.00","-8468.00","-1548.00","-130507.00","478514.00","348007.00"
"114/10/29","108","3","3095","及成","38011.00","-12458.00","-28492.00","-17556.00","-20495.00","104129.00","83634.00"
"114/10/29","108","3","3105","穩懋","5026915.00","-3999551.00","-1488665.00","-7620.00","-468921.00","5462173.00","4993252.00"
"114/10/29","108","3","3114","好德","163328.00","3475.00","-5592.00","-1972.00","159239.00","489937.00","649176.00"
"114/10/29","108","3","3115","富榮綱","45910.00","67580.00","-24727.00","-747.00","88016.00","90469.00","178485.00"
"114/10/29","108","3","3118","進階","54801.00","-2551.00","-33942.00","--","18308.00","272777.00","291085.00"
"114/10/29","108","3","3122","笙泉","12933.00","8399.00","-3228.00","-821.00","17283.00","77549.00","94832.00"
"114/10/29","108","3","3128","昇銳","46016.00","-60650.00","33338.00","2003.00","20707.00","71539.00","92246.00"
"114/10/29","108","3","3131","弘塑","175757.00","136566.00","-259469.00","679.00","53533.00","758735.00","812268.00"
"114/10/29","108","3","3141","晶宏","73634.00","-150396.00","-106063.00","1909.00","-180916.00","409428.00","228512.00"
"114/10/29","108","3","3147","大綜","5486.00","-177314.00","193253.00","-2679.00","18746.00","42533.00","61279.00"
"114/10/29","108","3","3152","璟德","652133.00","-3777.00","-681880.00","0.00","-33524.00","1709216.00","1675692.00"
"114/10/29","108","3","3162","精確","-25221.00","-12681.00","-15447.00","289.00","-53060.00","186925.00","133865.00"
"114/10/29","108","3","3163","波若威","166249.00","-85785.00","17116.00","-15858.00","81722.00","590482.00","672204.00"
"114/10/29","108","3","3169","亞信","131764.00","-115545.00","-109626.00","1420.00","-91987.00","418449.00","326462.00"
"114/10/29","108","3","3171","炎洲流通","81595.00","20123.00","-95965.00","-3409.00","2344.00","91377.00","93721.00"
"114/10/29","108","3","3176","基亞","-411354.00","493386.00","-147500.00","-5200.00","-70668.00","568553.00","497885.00"
"114/10/29","108","3","3178","公準","58060.00","-69649.00","-10859.00","-448.00","-22896.00","90476.00","67580.00"
"114/10/29","108","3","3188","鑫龍騰","-317566.00","-1579.00","109904.00","--","-209241.00","477452.00","268211.00"
"114/10/29","108","3","3191","雲嘉南","-138201.00","84299.00","-20165.00","-149.00","-74216.00","149183.00","74967.00"
"114/10/29","108","3","3205","佰研","-61241.00","-8843.00","-7097.00","-188.00","-77369.00","648121.00","570752.00"
"114/10/29","108","3","3206","志豐","159839.00","-141867.00","-63215.00","-11260.00","-56503.00","441682.00","385179.00"
"114/10/29","108","3","3207","耀勝","39677.00","-18865.00","-3394.00","-6576.00","10842.00","52199.00","63041.00"
"114/10/29","108","3","3211","順達","1123365.00","613262.00","-167261.00","-96736.00","1472630.00","1379808.00","2852438.00"
"114/10/29","108","3","3213","茂訊","243774.00","-8739.00","-198842.00","--","36193.00","274018.00","310211.00"
"114/10/29","108","3","3217","優群","319866.00","-24830.00","-307086.00","-11343.00","-23393.00","313727.00","290334.00"
"114/10/29","108","3","3218","大學光","312669.00","-47764.00","-252933.00","-2282.00","9690.00","466349.00","476039.00"
"114/10/29","108","3","3219","倚強科","-14296.00","31570.00","-32028.00","359.00","-14395.00","21211.00","6816.00"
"114/10/29","108","3","3221","台嘉碩","223228.00","-45135.00","-115187.00","-1885.00","61021.00","430314.00","491335.00"
"114/10/29","108","3","3224","三顧","-68934.00","-157039.00","115520.00","771.00","-109682.00","494329.00","384647.00"
"114/10/29","108","3","3226","龍鋒","204285.00","-60978.00","-205587.00","--","-62280.00","665621.00","603341.00"
"114/10/29","108","3","3227","原相","805203.00","-235575.00","-513374.00","31719.00","87973.00","4138782.00","4226755.00"
"114/10/29","108","3","3228","金麗科","-4499.00","-21946.00","1789.00","--","-24656.00","124656.00","100000.00"
"114/10/29","108","3","3230","錦明","-39438.00","-49855.00","112453.00","-2598.00","20562.00","135792.00","156354.00"
"114/10/29","108","3","3232","昱捷","214851.00","-152854.00","99716.00","-853.00","160860.00","195705.00","356565.00"
"114/10/29","108","3","3234","光環","259944.00","-27180.00","-325266.00","-1141.00","-93643.00","305207.00","211564.00"
"114/10/29","108","3","3236","千如","74199.00","-327576.00","82607.00","2242.00","-168528.00","713380.00","544852.00"
"114/10/29","108","3","3252","海灣","285498.00","-62394.00","-248449.00","--","-25345.00","61082.00","35737.00"
"114/10/29","108","3","3259","鑫創","-20022.00","39414.00","8457.00","--","27849.00","33899.00","61748.00"
"114/10/29","108","3","3260","威剛","-2953508.00","483750.00","3155243.00","-129520.00","555965.00","2024905.00","2580870.00"
"114/10/29","108","3","3264","欣銓","2457719.00","-2080638.00","-712225.00","-23379.00","-358523.00","1843707.00","1485184.00"
"114/10/29","108","3","3265","台星科","740689.00","-760473.00","-281917.00","1818.00","-299883.00","1275492.00","975609.00"
"114/10/29","108","3","3268","海德威","-8843.00","-790.00","-5901.00","-48.00","-15582.00","72300.00","56718.00"
"114/10/29","108","3","3272","東碩","-3637.00","-215701.00","221106.00","-10847.00","-9079.00","524033.00","514954.00"
"114/10/29","108","3","3276","宇環","-49066.00","404888.00","-138669.00","--","217153.00","697395.00","914548.00"
"114/10/29","108","3","3284","太普高","-52885.00","-55673.00","86961.00","-4556.00","-26153.00","61533.00","35380.00"
"114/10/29","108","3","3285","微端","73336.00","-2174.00","-171875.00","-2249.00","-102962.00","586041.00","483079.00"
"114/10/29","108","3","3287","廣寰科","38969.00","-27514.00","-2416.00","-897.00","8142.00","59422.00","67564.00"
"114/10/29","108","3","3288","點晶","17254.00","-1393.00","-18716.00","3353.00","498.00","2144.00","2642.00"
"114/10/29","108","3","3289","宜特","545608.00","-149336.00","-271956.00","1148.00","125464.00","825858.00","951322.00"
"114/10/29","108","3","3290","東浦","269199.00","-54563.00","45936.00","-21599.00","238973.00","604459.00","843432.00"
"114/10/29","108","3","3293","鈊象","1481482.00","-1152021.00","-744527.00","-884.00","-415950.00","1148805.00","732855.00"
"114/10/29","108","3","3294","英濟","110497.00","-862712.00","220646.00","485.00","-531084.00","1468140.00","937056.00"
"114/10/29","108","3","3297","杭特","-16793.00","2609.00","6054.00","1781.00","-6349.00","169903.00","163554.00"
"114/10/29","108","3","3303","岱稜","397447.00","-230651.00","-199076.00","-4479.00","-36759.00","369517.00","332758.00"
"114/10/29","108","3","3306","鼎天","49006.00","-15337.00","-29199.00","-62.00","4408.00","577320.00","581728.00"
"114/10/29","108","3","3310","佳穎","-238289.00","-48620.00","163262.00","-3037.00","-126684.00","362027.00","235343.00"
"114/10/29","108","3","3313","斐成","-36089.00","61623.00","-278.00","-37.00","25219.00","665498.00","690717.00"
"114/10/29","108","3","3317","尼克森","-82252.00","-24972.00","-44882.00","-750.00","-152856.00","628569.00","475713.00"
"114/10/29","108","3","3322","建舜電","90272.00","-304672.00","113674.00","-12607.00","-113333.00","527202.00","413869.00"
"114/10/29","108","3","3323","加百裕","572757.00","-92905.00","-410932.00","3041.00","71961.00","473383.00","545344.00"
"114/10/29","108","3","3324","雙鴻","320191.00","-488397.00","64387.00","617.00","-103202.00","421322.00","318120.00"
"114/10/29","108","3","3325","旭品","382493.00","-41306.00","-149270.00","-10996.00","180921.00","128803.00","309724.00"
"114/10/29","108","3","3332","幸康","209812.00","-7908.00","-124190.00","1467.00","79181.00","708690.00","787871.00"
"114/10/29","108","3","3339","泰谷","41321.00","-16147.00","-27055.00","-50.00","-1931.00","116776.00","114845.00"
"114/10/29","108","3","3354","律勝","38662.00","-136740.00","-22001.00","-987.00","-121066.00","454328.00","333262.00"
"114/10/29","108","3","3360","尚立","-104803.00","-180323.00","423041.00","345.00","138260.00","257857.00","396117.00"
"114/10/29","108","3","3362","先進光","-73444.00","-478936.00","50153.00","730.00","-501497.00","1006860.00","505363.00"
"114/10/29","108","3","3363","上詮","308765.00","-319218.00","-24942.00","-2585.00","-37980.00","457660.00","419680.00"
"114/10/29","108","3","3372","典範","73153.00","-269564.00","-1641.00","--","-198052.00","362800.00","164748.00"
"114/10/29","108","3","3373","熱映","37226.00","-9030.00","-21644.00","697.00","7249.00","185797.00","193046.00"
"114/10/29","108","3","3374","精材","398157.00","-308752.00","-128479.00","--","-39074.00","903292.00","864218.00"
"114/10/29","108","3","3379","彬台","-58024.00","-8239.00","90521.00","2032.00","26290.00","68137.00","94427.00"
"114/10/29","108","3","3388","崇越電","357361.00","8981.00","105126.00","-24042.00","447426.00","1301703.00","1749129.00"
"114/10/29","108","3","3390","旭軟","140186.00","-749083.00","-11352.00","-214.00","-620463.00","746821.00","126358.00"
"114/10/29","108","3","3402","漢科","-52007.00","-70421.00","-153160.00","-25602.00","-301190.00","547900.00","246710.00"
"114/10/29","108","3","3426","台興","72229.00","18732.00","-630.00","-16377.00","73954.00","232993.00","306947.00"
"114/10/29","108","3","3434","哲固","5495.00","5792.00","-39669.00","126.00","-28256.00","82636.00","54380.00"
"114/10/29","108","3","3438","類比科","123245.00","-22124.00","-101745.00","-136.00","-760.00","399180.00","398420.00"
"114/10/29","108","3","3441","聯一光電","32216.00","33493.00","-23284.00","-7204.00","35221.00","445169.00","480390.00"
"114/10/29","108","3","3444","利機","-10243.00","-45362.00","36910.00","-1220.00","-19915.00","137517.00","117602.00"
"114/10/29","108","3","3455","由田","-388662.00","362138.00","-154600.00","-9.00","-181133.00","469408.00","288275.00"
"114/10/29","108","3","3465","進泰電子","-16039.00","130.00","0.00","--","-15909.00","67885.00","51976.00"
"114/10/29","108","3","3466","德晉","384332.00","13625.00","52442.00","1292.00","451691.00","304118.00","755809.00"
"114/10/29","108","3","3479","安勤","684305.00","-42794.00","14268.00","6197.00","661976.00","545737.00","1207713.00"
"114/10/29","108","3","3483","力致","346436.00","-173651.00","84039.00","-5233.00","251591.00","442700.00","694291.00"
"114/10/29","108","3","3484","崧騰","54941.00","-40134.00","-217250.00","6409.00","-196034.00","898767.00","702733.00"
"114/10/29","108","3","3489","森寶","-97319.00","-1335.00","-150429.00","--","-249083.00","716658.00","467575.00"
"114/10/29","108","3","3490","單井","77456.00","-6357.00","37929.00","1967.00","110995.00","71205.00","182200.00"
"114/10/29","108","3","3491","昇達科","61875.00","-138394.00","-40779.00","-4334.00","-121632.00","545003.00","423371.00"
"114/10/29","108","3","3492","長盛","51537.00","-11214.00","-45257.00","-4600.00","-9534.00","322254.00","312720.00"
"114/10/29","108","3","3498","陽程","-179420.00","-321907.00","-71682.00","-21059.00","-594068.00","1496762.00","902694.00"
"114/10/29","108","3","3499","環天科","-5042.00","-58427.00","57706.00","-8291.00","-14054.00","343272.00","329218.00"
"114/10/29","108","3","3508","位速","58110.00","-163278.00","-31974.00","-1778.00","-138920.00","939574.00","800654.00"
"114/10/29","108","3","3511","矽瑪","206968.00","-27020.00","126491.00","-2040.00","304399.00","172642.00","477041.00"
"114/10/29","108","3","3512","皇龍","-519938.00","-9880.00","477753.00","-947.00","-53012.00","276346.00","223334.00"
"114/10/29","108","3","3516","亞帝歐","55119.00","-13597.00","-40258.00","-20791.00","-19527.00","217615.00","198088.00"
"114/10/29","108","3","3520","華盈","-4722.00","-7962.00","20626.00","-7292.00","650.00","126286.00","126936.00"
"114/10/29","108","3","3521","鴻翊","504208.00","-6485.00","-470075.00","-16.00","27632.00","45453.00","73085.00"
"114/10/29","108","3","3522","御嵿","39239.00","-162579.00","-80095.00","4.00","-203431.00","287452.00","84021.00"
"114/10/29","108","3","3523","迎輝","-68530.00","-43643.00","19221.00","-1600.00","-94552.00","133530.00","38978.00"
"114/10/29","108","3","3526","凡甲","364181.00","-511669.00","478606.00","-5307.00","325811.00","414848.00","740659.00"
"114/10/29","108","3","3527","聚積","280454.00","-45542.00","-221640.00","-276.00","12996.00","849067.00","862063.00"
"114/10/29","108","3","3529","力旺","408664.00","-34589.00","-582871.00","446.00","-208350.00","1302003.00","1093653.00"
"114/10/29","108","3","3531","先益","108606.00","194337.00","-137801.00","1846.00","166988.00","618493.00","785481.00"
"114/10/29","108","3","3537","堡達","44162.00","-1899.00","-51889.00","-675.00","-10301.00","92150.00","81849.00"
"114/10/29","108","3","3540","曜越","-50480.00","-46484.00","168232.00","2025.00","73293.00","737438.00","810731.00"
"114/10/29","108","3","3541","西柏","384952.00","-16759.00","-205610.00","-1211.00","161372.00","541085.00","702457.00"
"114/10/29","108","3","3546","宇峻","33879.00","96903.00","-185727.00","487.00","-54458.00","243217.00","188759.00"
"114/10/29","108","3","3548","兆利","679045.00","-995696.00","8793.00","-34376.00","-342234.00","1608755.00","1266521.00"
"114/10/29","108","3","3551","世禾","246954.00","-151331.00","-154862.00","-7843.00","-67082.00","552226.00","485144.00"
"114/10/29","108","3","3552","同致","134051.00","-223766.00","323986.00","-53368.00","180903.00","438423.00","619326.00"
"114/10/29","108","3","3555","博士旺","-129622.00","44192.00","57591.00","38.00","-27801.00","54635.00","26834.00"
"114/10/29","108","3","3556","禾瑞亞","182151.00","-25368.00","-194359.00","-521.00","-38097.00","632168.00","594071.00"
"114/10/29","108","3","3558","神準","697133.00","-72782.00","-405391.00","-681.00","218279.00","2142424.00","2360703.00"
"114/10/29","108","3","3564","其陽","165776.00","14949.00","114627.00","7519.00","302871.00","29370.00","332241.00"
"114/10/29","108","3","3567","逸昌","93159.00","-33569.00","-69437.00","1171.00","-8676.00","40563.00","31887.00"
"114/10/29","108","3","3570","大塚","131524.00","-38168.00","-58530.00","-4303.00","30523.00","365339.00","395862.00"
"114/10/29","108","3","3577","泓格","47340.00","-67859.00","26516.00","-2095.00","3902.00","122385.00","126287.00"
"114/10/29","108","3","3580","友威科","81091.00","418267.00","-615646.00","1190.00","-115098.00","332584.00","217486.00"
"114/10/29","108","3","3581","博磊","105264.00","-983.00","-78487.00","-1489.00","24305.00","416758.00","441063.00"
"114/10/29","108","3","3587","閎康","379426.00","-484614.00","-24616.00","-1734.00","-131538.00","1177801.00","1046263.00"
"114/10/29","108","3","3594","磐儀","60559.00","-101578.00","33161.00","-13227.00","-21085.00","462395.00","441310.00"
"114/10/29","108","3","3597","映興","33238.00","71285.00","-78699.00","-3628.00","22196.00","196543.00","218739.00"
"114/10/29","108","3","3609","三一東林","33216.00","-129880.00","-50953.00","-6505.00","-154122.00","361309.00","207187.00"
"114/10/29","108","3","3611","鼎翰","818258.00","-1177822.00","-198592.00","-8911.00","-567067.00","1281949.00","714882.00"
"114/10/29","108","3","3615","安可","138816.00","-157032.00","-81752.00","-1402.00","-101370.00","911389.00","810019.00"
"114/10/29","108","3","3623","富晶通","35167.00","-124473.00","-85750.00","--","-175056.00","353571.00","178515.00"
"114/10/29","108","3","3624","光頡","128286.00","-109447.00","-162443.00","3425.00","-140179.00","612806.00","472627.00"
"114/10/29","108","3","3625","西勝","79975.00","-88733.00","-79837.00","-21915.00","-110510.00","725041.00","614531.00"
"114/10/29","108","3","3628","盈正","31357.00","-110382.00","156266.00","-8341.00","68900.00","201285.00","270185.00"
"114/10/29","108","3","3629","地心引力","-349.00","-2377.00","306008.00","3.00","303285.00","34860.00","338145.00"
"114/10/29","108","3","3630","新鉅科","728176.00","-1121555.00","2028471.00","18454.00","1653546.00","785756.00","2439302.00"
"114/10/29","108","3","3631","晟楠","180634.00","38226.00","45500.00","-13230.00","251130.00","202541.00","453671.00"
"114/10/29","108","3","3632","研勤","9059.00","-19634.00","22100.00","1706.00","13231.00","73104.00","86335.00"
"114/10/29","108","3","3646","艾恩特","36519.00","-57753.00","-17285.00","-5017.00","-43536.00","276379.00","232843.00"
"114/10/29","108","3","3663","鑫科","279394.00","-33331.00","-64126.00","-11875.00","170062.00","44407.00","214469.00"
"114/10/29","108","3","3664","安瑞-KY","-95006.00","139403.00","-27533.00","3642.00","20506.00","342455.00","362961.00"
"114/10/29","108","3","3666","光耀","29390.00","-19050.00","-17247.00","-1346.00","-8253.00","107619.00","99366.00"
"114/10/29","108","3","3672","康聯訊","17301.00","28328.00","-55129.00","-3995.00","-13495.00","221457.00","207962.00"
"114/10/29","108","3","3675","德微","162493.00","-793256.00","561621.00","-988.00","-70130.00","270975.00","200845.00"
"114/10/29","108","3","3680","家登","547170.00","-292243.00","-258617.00","-5648.00","-9338.00","207504.00","198166.00"
"114/10/29","108","3","3684","榮昌","55540.00","39588.00","-101665.00","-1045.00","-7582.00","169777.00","162195.00"
"114/10/29","108","3","3685","元創精密","11152.00","150643.00","-102377.00","-1762.00","57656.00","272457.00","330113.00"
"114/10/29","108","3","3687","歐買尬","111718.00","-208038.00","34391.00","-442.00","-62371.00","672692.00","610321.00"
"114/10/29","108","3","3689","湧德","175717.00","-497062.00","198456.00","-14204.00","-137093.00","976471.00","839378.00"
"114/10/29","108","3","3691","碩禾","796206.00","769768.00","-3619863.00","7600.00","-2046289.00","4233945.00","2187656.00"
"114/10/29","108","3","3693","營邦","-212389.00","-37442.00","-21442.00","1194.00","-270079.00","664170.00","394091.00"
"114/10/29","108","3","3707","漢磊","-294015.00","-478309.00","-359594.00","-490.00","-1132408.00","1978353.00","845945.00"
"114/10/29","108","3","3709","鑫聯大投控","-2224784.00","-43291.00","1832756.00","-863.00","-436182.00","911837.00","475655.00"
"114/10/29","108","3","3710","連展投控","464947.00","-789304.00","487679.00","-51369.00","111953.00","506216.00","618169.00"
"114/10/29","108","3","4102","永日","14361.00","-14529.00","-1207.00","--","-1375.00","40159.00","38784.00"
"114/10/29","108","3","4105","東洋","867027.00","-405719.00","-552640.00","6089.00","-85243.00","2372294.00","2287051.00"
"114/10/29","108","3","4107","邦特","442045.00","-94782.00","-273097.00","-698.00","73468.00","926601.00","1000069.00"
"114/10/29","108","3","4109","加捷生醫","-1947.00","181196.00","-238017.00","-2354.00","-61122.00","154822.00","93700.00"
"114/10/29","108","3","4111","濟生","125527.00","-29624.00","-73175.00","-2143.00","20585.00","226009.00","246594.00"
"114/10/29","108","3","4113","聯上","483424.00","-105578.00","-369715.00","--","8131.00","113457.00","121588.00"
"114/10/29","108","3","4114","健喬","-111910.00","-418835.00","633187.00","-822.00","101620.00","447081.00","548701.00"
"114/10/29","108","3","4116","明基醫","145823.00","-20801.00","-214236.00","-291.00","-89505.00","317554.00","228049.00"
"114/10/29","108","3","4120","友華","298658.00","-157276.00","-188837.00","-18780.00","-66235.00","1750882.00","1684647.00"
"114/10/29","108","3","4121","優盛","-8783.00","-29081.00","14277.00","-1247.00","-24834.00","409335.00","384501.00"
"114/10/29","108","3","4123","晟德","-272196.00","-1791713.00","2240284.00","-10829.00","165546.00","1476636.00","1642182.00"
"114/10/29","108","3","4126","太醫","373512.00","-178945.00","-76115.00","-6418.00","112034.00","383708.00","495742.00"
"114/10/29","108","3","4127","天良","-18768.00","-1452.00","-35091.00","--","-55311.00","169841.00","114530.00"
"114/10/29","108","3","4128","中天","73072.00","-1755430.00","-173610.00","-55280.00","-1911248.00","2376438.00","465190.00"
"114/10/29","108","3","4129","聯合","434853.00","-383729.00","115779.00","-6681.00","160222.00","528484.00","688706.00"
"114/10/29","108","3","4130","健亞","22855.00","25295.00","-31069.00","--","17081.00","219904.00","236985.00"
"114/10/29","108","3","4131","浩泰","154.00","-26400.00","7123.00","--","-19123.00","54531.00","35408.00"
"114/10/29","108","3","4138","曜亞","116934.00","-148252.00","-127094.00","1643.00","-156769.00","868885.00","712116.00"
"114/10/29","108","3","4139","馬光-KY","50674.00","-14690.00","-91179.00","3507.00","-51688.00","114020.00","62332.00"
"114/10/29","108","3","4147","中裕","-298634.00","503969.00","58084.00","950.00","264369.00","586093.00","850462.00"
"114/10/29","108","3","4153","鈺緯","9126.00","-59804.00","-106698.00","764.00","-156612.00","611372.00","454760.00"
"114/10/29","108","3","4154","樂威科-KY","-3983.00","-9716.00","-25466.00","-438.00","-39603.00","181605.00","142002.00"
"114/10/29","108","3","4157","太景*-KY","-243787.00","236673.00","-16007.00","41.00","-23080.00","148103.00","125023.00"
"114/10/29","108","3","4160","訊聯基因","-8641.00","-11068.00","-15327.00","-136.00","-35172.00","70531.00","35359.00"
"114/10/29","108","3","4161","聿新科","49698.00","174063.00","-56247.00","-356.00","167158.00","258283.00","425441.00"
"114/10/29","108","3","4162","智擎","75530.00","-29938.00","-261448.00","-158.00","-216014.00","358348.00","142334.00"
"114/10/29","108","3","4163","鐿鈦","354751.00","-40614.00","-543603.00","9664.00","-219802.00","957304.00","737502.00"
"114/10/29","108","3","4167","松瑞藥","64937.00","-108255.00","282479.00","--","239161.00","383979.00","623140.00"
"114/10/29","108","3","4168","醣聯","-151155.00","-27247.00","-247.00","--","-178649.00","256169.00","77520.00"
"114/10/29","108","3","4171","瑞基","-42447.00","226709.00","-128979.00","-1176.00","54107.00","99519.00","153626.00"
"114/10/29","108","3","4173","久裕","94403.00","-26799.00","43382.00","0.00","110986.00","80219.00","191205.00"
"114/10/29","108","3","4174","浩鼎","-755493.00","-39159.00","1999947.00","211.00","1205506.00","3664593.00","4870099.00"
"114/10/29","108","3","4175","杏一","-4057.00","-368553.00","79972.00","-3448.00","-296086.00","630379.00","334293.00"
"114/10/29","108","3","4183","福永生技","-18337.00","-13483.00","-20531.00","1250.00","-51101.00","194802.00","143701.00"
"114/10/29","108","3","4188","安克","-26137.00","-8304.00","-3415.00","--","-37856.00","134950.00","97094.00"
"114/10/29","108","3","4192","杏國","-267248.00","-3242.00","329096.00","-26.00","58580.00","472627.00","531207.00"
"114/10/29","108","3","4198","欣大健康","-68675.00","-608.00","-7332.00","3494.00","-73121.00","173779.00","100658.00"
"114/10/29","108","3","4205","中華食","160474.00","-33509.00","-221165.00","--","-94200.00","852039.00","757839.00"
"114/10/29","108","3","4207","環泰","83847.00","-157848.00","32251.00","19330.00","-22420.00","370573.00","348153.00"
"114/10/29","108","3","4303","信立","24951.00","-15132.00","-7997.00","--","1822.00","11561.00","13383.00"
"114/10/29","108","3","4304","勝昱","12130.00","-240.00","-18097.00","-842.00","-7049.00","20079.00","13030.00"
"114/10/29","108","3","4305","世坤","155247.00","-97047.00","-144731.00","--","-86531.00","569688.00","483157.00"
"114/10/29","108","3","4401","東隆興","222206.00","-303556.00","-70566.00","2371.00","-149545.00","775412.00","625867.00"
"114/10/29","108","3","4402","郡都開發","-97189.00","782294.00","-684037.00","--","1068.00","22967.00","24035.00"
"114/10/29","108","3","4406","新昕纖","-16863.00","-3961.00","12000.00","0.00","-8824.00","149925.00","141101.00"
"114/10/29","108","3","4413","飛寶企業","-101414.00","13420.00","-2860.00","--","-90854.00","196439.00","105585.00"
"114/10/29","108","3","4416","三圓","-1312527.00","155250.00","1097024.00","500.00","-59753.00","155513.00","95760.00"
"114/10/29","108","3","4417","金洲","170440.00","-502563.00","-59417.00","-12650.00","-404190.00","776977.00","372787.00"
"114/10/29","108","3","4419","皇家美食","-13087.00","188.00","5000.00","--","-7899.00","15335.00","7436.00"
"114/10/29","108","3","4420","光明","-20280.00","251444.00","-110827.00","--","120337.00","75608.00","195945.00"
"114/10/29","108","3","4430","耀億","104566.00","487196.00","282615.00","-70545.00","803832.00","297832.00","1101664.00"
"114/10/29","108","3","4432","銘旺實","-104480.00","-15244.00","-63732.00","44.00","-183412.00","495629.00","312217.00"
"114/10/29","108","3","4433","興采","41143.00","-51955.00","39999.00","-705.00","28482.00","400462.00","428944.00"
"114/10/29","108","3","4502","健信","113542.00","-209555.00","56606.00","-628.00","-40035.00","314794.00","274759.00"
"114/10/29","108","3","4503","金雨","-53652.00","-40472.00","50173.00","838.00","-43113.00","110613.00","67500.00"
"114/10/29","108","3","4506","崇友","586556.00","-159618.00","-468232.00","-2442.00","-43736.00","1024104.00","980368.00"
"114/10/29","108","3","4510","高鋒","464785.00","-188882.00","-400678.00","-2606.00","-127381.00","336826.00","209445.00"
"114/10/29","108","3","4513","福裕","75400.00","12645.00","-38774.00","-2567.00","46704.00","204285.00","250989.00"
"114/10/29","108","3","4523","永彰","4692.00","252740.00","-221620.00","317.00","36129.00","64019.00","100148.00"
"114/10/29","108","3","4527","方方土霖","48942.00","-59518.00","-99496.00","-16053.00","-126125.00","517248.00","391123.00"
"114/10/29","108","3","4528","江興鍛","276302.00","-298087.00","-10013.00","-10527.00","-42325.00","779762.00","737437.00"
"114/10/29","108","3","4529","淳紳","-55785.00","75641.00","6268.00","1107.00","27231.00","13648.00","40879.00"
"114/10/29","108","3","4530","宏易","-20734.00","12914.00","-6377.00","--","-14197.00","130163.00","115966.00"
"114/10/29","108","3","4533","協易機","71104.00","-360120.00","-78771.00","1915.00","-365872.00","1527387.00","1161515.00"
"114/10/29","108","3","4534","慶騰","110312.00","10537.00","-220135.00","-12729.00","-112015.00","428792.00","316777.00"
"114/10/29","108","3","4535","至興","208762.00","-74997.00","-137779.00","559.00","-3455.00","398103.00","394648.00"
"114/10/29","108","3","4538","大詠城","139341.00","-87904.00","-42826.00","--","8611.00","36124.00","44735.00"
"114/10/29","108","3","4541","晟田","160287.00","-271095.00","40553.00","--","-70255.00","413123.00","342868.00"
"114/10/29","108","3","4542","科嶠","99381.00","-27272.00","-36569.00","-3640.00","31900.00","270125.00","302025.00"
"114/10/29","108","3","4543","萬在","-12124.00","67512.00","-57044.00","-696.00","-2352.00","184639.00","182287.00"
"114/10/29","108","3","4549","桓達","222449.00","-20255.00","-104669.00","-9505.00","88020.00","566695.00","654715.00"
"114/10/29","108","3","4550","長佳","70302.00","-14979.00","-79087.00","-187.00","-23951.00","238125.00","214174.00"
"114/10/29","108","3","4554","橙的","52462.00","-83281.00","-4958.00","1156.00","-34621.00","213910.00","179289.00"
"114/10/29","108","3","4556","旭然","37719.00","-13380.00","46921.00","-5668.00","65592.00","192922.00","258514.00"
"114/10/29","108","3","4561","健椿","76542.00","-121352.00","59786.00","--","14976.00","238162.00","253138.00"
"114/10/29","108","3","4563","百德","-143941.00","-5060.00","11057.00","-10675.00","-148619.00","685823.00","537204.00"
"114/10/29","108","3","4568","科際精密","2563.00","-58003.00","-94617.00","-3101.00","-153158.00","672818.00","519660.00"
"114/10/29","108","3","4580","捷流閥業","477546.00","-93328.00","-172010.00","4401.00","216609.00","191910.00","408519.00"
"114/10/29","108","3","4609","唐鋒","131421.00","22568.00","-22982.00","-2542.00","128465.00","179806.00","308271.00"
"114/10/29","108","3","4702","中美實","-29492.00","102573.00","-47374.00","-4453.00","21254.00","100020.00","121274.00"
"114/10/29","108","3","4706","大恭","221103.00","-12399.00","-148913.00","-7618.00","52173.00","318884.00","371057.00"
"114/10/29","108","3","4707","磐亞","237748.00","-208763.00","114148.00","--","143133.00","343059.00","486192.00"
"114/10/29","108","3","4711","永純","122217.00","-9558.00","-66759.00","--","45900.00","327765.00","373665.00"
"114/10/29","108","3","4714","永捷","-150856.00","117896.00","-16389.00","187.00","-49162.00","323831.00","274669.00"
"114/10/29","108","3","4716","大立","-30095.00","-79339.00","94760.00","-426.00","-15100.00","220843.00","205743.00"
"114/10/29","108","3","4721","美琪瑪","235765.00","26744.00","-424760.00","-2342.00","-164593.00","515904.00","351311.00"
"114/10/29","108","3","4726","永昕","-56462.00","-273121.00","388855.00","0.00","59272.00","215745.00","275017.00"
"114/10/29","108","3","4728","雙美","183401.00","63163.00","-96979.00","-5120.00","144465.00","314334.00","458799.00"
"114/10/29","108","3","4729","熒茂","19420.00","879046.00","-301865.00","10815.00","607416.00","616635.00","1224051.00"
"114/10/29","108","3","4735","豪展","131733.00","-40567.00","-120733.00","2769.00","-26798.00","263315.00","236517.00"
"114/10/29","108","3","4741","泓瀚","13004.00","-6202.00","-10837.00","1324.00","-2711.00","207335.00","204624.00"
"114/10/29","108","3","4743","合一","-104382.00","111259.00","-10229.00","-19.00","-3371.00","150667.00","147296.00"
"114/10/29","108","3","4744","皇將","80080.00","-41882.00","-49592.00","-1083.00","-12477.00","550457.00","537980.00"
"114/10/29","108","3","4745","合富-KY","-670719.00","-244017.00","1048012.00","-83687.00","49589.00","648118.00","697707.00"
"114/10/29","108","3","4747","強生製藥","45111.00","-20537.00","-49531.00","--","-24957.00","309814.00","284857.00"
"114/10/29","108","3","4754","國碳科","34668.00","25411.00","-54587.00","-1031.00","4461.00","135993.00","140454.00"
"114/10/29","108","3","4760","勤凱科技","39754.00","-13473.00","27415.00","-52.00","53644.00","96170.00","149814.00"
"114/10/29","108","3","4767","誠泰科技","6678.00","-38523.00","-23828.00","-4575.00","-60248.00","365633.00","305385.00"
"114/10/29","108","3","4804","大略-KY","267193.00","-218004.00","-209054.00","4488.00","-155377.00","163643.00","8266.00"
"114/10/29","108","3","4806","桂田文創","58225.00","-66.00","-57474.00","-1844.00","-1159.00","4245.00","3086.00"
"114/10/29","108","3","4903","聯光通","162986.00","-138652.00","-34372.00","-113.00","-10151.00","190173.00","180022.00"
"114/10/29","108","3","4905","台聯電","-196669.00","-411764.00","-177478.00","-185.00","-786096.00","2431560.00","1645464.00"
"114/10/29","108","3","4907","富宇","-1504489.00","-9563.00","1006296.00","--","-507756.00","558086.00","50330.00"
"114/10/29","108","3","4908","前鼎","177313.00","-4980.00","-67406.00","--","104927.00","817066.00","921993.00"
"114/10/29","108","3","4909","新復興","78141.00","212785.00","-345350.00","11662.00","-42762.00","952891.00","910129.00"
"114/10/29","108","3","4911","德英","-15999.00","25972.00","-786.00","--","9187.00","12640.00","21827.00"
"114/10/29","108","3","4924","欣厚-KY","-2212.00","35798.00","-19241.00","-3193.00","11152.00","48933.00","60085.00"
"114/10/29","108","3","4931","新盛力","477438.00","-24642.00","65776.00","1128.00","519700.00","226828.00","746528.00"
"114/10/29","108","3","4933","友輝","373809.00","-260446.00","-112938.00","--","425.00","1449320.00","1449745.00"
"114/10/29","108","3","4939","亞電","58124.00","-268521.00","127878.00","-2145.00","-84664.00","452530.00","367866.00"
"114/10/29","108","3","4946","辣椒","-33879.00","-1906.00","27214.00","139.00","-8432.00","136830.00","128398.00"
"114/10/29","108","3","4950","金耘國際","-80025.00","222349.00","-160603.00","156.00","-18123.00","29293.00","11170.00"
"114/10/29","108","3","4953","緯軟","-199263.00","-507390.00","-80007.00","-7748.00","-794408.00","1295230.00","500822.00"
"114/10/29","108","3","4966","譜瑞-KY","2232784.00","-156522.00","-911101.00","53475.00","1218636.00","6011928.00","7230564.00"
"114/10/29","108","3","4971","IET-KY","109251.00","-108941.00","-556.00","-6166.00","-6412.00","126890.00","120478.00"
"114/10/29","108","3","4972","湯石照明","83832.00","-47833.00","-130324.00","-11911.00","-106236.00","366898.00","260662.00"
"114/10/29","108","3","4973","廣穎電通","124060.00","-4647.00","-28276.00","744.00","91881.00","392269.00","484150.00"
"114/10/29","108","3","4974","亞泰","464111.00","-75472.00","-231661.00","-15573.00","141405.00","1738029.00","1879434.00"
"114/10/29","108","3","4979","華星光","61581.00","-59758.00","-73405.00","0.00","-71582.00","361682.00","290100.00"
"114/10/29","108","3","4987","科誠","44981.00","-9635.00","-80248.00","-2910.00","-47812.00","304433.00","256621.00"
"114/10/29","108","3","4991","環宇-KY","263662.00","-234268.00","374273.00","24487.00","428154.00","1512863.00","1941017.00"
"114/10/29","108","3","4995","晶達","158245.00","-1635.00","-193692.00","81.00","-37001.00","243287.00","206286.00"
"114/10/29","108","3","5009","榮剛","652385.00","-895545.00","61643.00","-17994.00","-199511.00","1004587.00","805076.00"
"114/10/29","108","3","5011","久陽","62720.00","-5551.00","70108.00","--","127277.00","41574.00","168851.00"
"114/10/29","108","3","5013","強新","705230.00","-370093.00","-238803.00","-25116.00","71218.00","345728.00","416946.00"
"114/10/29","108","3","5014","建錩","360529.00","-162632.00","-298036.00","-63022.00","-163161.00","473645.00","310484.00"
"114/10/29","108","3","5015","華祺","136036.00","-11220.00","-184435.00","20502.00","-39117.00","819496.00","780379.00"
"114/10/29","108","3","5016","松和","130523.00","-34008.00","-157169.00","3797.00","-56857.00","307763.00","250906.00"
"114/10/29","108","3","5201","凱衛","41279.00","-23591.00","-50270.00","-65.00","-32647.00","79691.00","47044.00"
"114/10/29","108","3","5202","力新","-31955.00","-13577.00","-36515.00","110.00","-81937.00","293544.00","211607.00"
"114/10/29","108","3","5205","中茂","-10679.00","-30.00","-887.00","0.00","-11596.00","15739.00","4143.00"
"114/10/29","108","3","5206","坤悅","-309135.00","-55253.00","79167.00","--","-285221.00","1000570.00","715349.00"
"114/10/29","108","3","5209","新鼎","-87829.00","31433.00","-70891.00","-1166.00","-128453.00","546916.00","418463.00"
"114/10/29","108","3","5210","寶碩","-29430.00","3373.00","-23552.00","-119.00","-49728.00","263754.00","214026.00"
"114/10/29","108","3","5211","蒙恬","13206.00","-19736.00","81.00","-3068.00","-9517.00","121428.00","111911.00"
"114/10/29","108","3","5212","凌網","8018.00","1527.00","-54241.00","-2348.00","-47044.00","222954.00","175910.00"
"114/10/29","108","3","5213","亞昕","-2897546.00","-63451.00","1695731.00","-119.00","-1265385.00","2701856.00","1436471.00"
"114/10/29","108","3","5220","萬達光電","105039.00","-25690.00","-72400.00","-150.00","6799.00","463612.00","470411.00"
"114/10/29","108","3","5223","安力-KY","158019.00","-202519.00","-48915.00","12854.00","-80561.00","634041.00","553480.00"
"114/10/29","108","3","5227","立凱-KY","-84594.00","13786.00","301667.00","3187.00","234046.00","349928.00","583974.00"
"114/10/29","108","3","5230","雷笛克光學","228256.00","-79987.00","-58689.00","-8592.00","80988.00","294452.00","375440.00"
"114/10/29","108","3","5245","智晶","135325.00","-26759.00","-140374.00","--","-31808.00","158429.00","126621.00"
"114/10/29","108","3","5251","天鉞電","-43775.00","41236.00","-3076.00","296.00","-5319.00","272585.00","267266.00"
"114/10/29","108","3","5263","智崴","-33466.00","-95654.00","55350.00","-18088.00","-91858.00","660349.00","568491.00"
"114/10/29","108","3","5272","笙科","17725.00","-7101.00","-15353.00","825.00","-3904.00","93192.00","89288.00"
"114/10/29","108","3","5274","信驊","696830.00","-63425.00","-266015.00","7711.00","375101.00","1093346.00","1468447.00"
"114/10/29","108","3","5276","達輝-KY","31449.00","-33563.00","-31522.00","109.00","-33527.00","263385.00","229858.00"
"114/10/29","108","3","5278","尚凡*","169647.00","-3378.00","-154510.00","208.00","11967.00","365472.00","377439.00"
"114/10/29","108","3","5287","數字","436277.00","-75808.00","-530757.00","-3807.00","-174095.00","680165.00","506070.00"
"114/10/29","108","3","5289","宜鼎","771138.00","-366832.00","-479769.00","1505.00","-73958.00","1672550.00","1598592.00"
"114/10/29","108","3","5291","邑昇","112328.00","-26444.00","-30748.00","460.00","55596.00","147005.00","202601.00"
"114/10/29","108","3","5299","杰力","141322.00","138822.00","-181132.00","-261.00","98751.00","183408.00","282159.00"
"114/10/29","108","3","5301","寶得利","-35029.00","-4894.00","40334.00","-522.00","-111.00","26955.00","26844.00"
"114/10/29","108","3","5302","太欣","-35696.00","-2093.00","38869.00","-40.00","1040.00","64983.00","66023.00"
"114/10/29","108","3","5309","系統電","36901.00","-105878.00","-35936.00","6083.00","-98830.00","762884.00","664054.00"
"114/10/29","108","3","5310","天剛","-50483.00","-43690.00","125122.00","--","30949.00","79046.00","109995.00"
"114/10/29","108","3","5312","寶島科","505830.00","36173.00","-448581.00","-1356.00","92066.00","224162.00","316228.00"
"114/10/29","108","3","5314","世紀*","-9546.00","-33202.00","-437.00","0.00","-43185.00","119497.00","76312.00"
"114/10/29","108","3","5315","光聯","128407.00","-42709.00","-106430.00","3125.00","-17607.00","1009868.00","992261.00"
"114/10/29","108","3","5321","美而快","199544.00","-57930.00","105151.00","374.00","247139.00","139163.00","386302.00"
"114/10/29","108","3","5324","士開","102581.00","-29505.00","-112441.00","--","-39365.00","312043.00","272678.00"
"114/10/29","108","3","5328","華容","-49117.00","-136032.00","-4283.00","-11033.00","-200465.00","829390.00","628925.00"
"114/10/29","108","3","5340","建榮","130706.00","-89672.00","-32135.00","--","8899.00","30757.00","39656.00"
"114/10/29","108","3","5344","立衛","21415.00","-8130.00","-24497.00","728.00","-10484.00","28612.00","18128.00"
"114/10/29","108","3","5345","馥鴻","-25781.00","77483.00","-3801.00","378.00","48279.00","8552.00","56831.00"
"114/10/29","108","3","5347","世界","5188895.00","-8862023.00","-1165175.00","-105788.00","-4944091.00","14607185.00","9663094.00"
"114/10/29","108","3","5348","正能量智能","-14507.00","-1304.00","-2833.00","-251.00","-18895.00","110380.00","91485.00"
"114/10/29","108","3","5351","鈺創","297085.00","-72242.00","-262071.00","265.00","-36963.00","681494.00","644531.00"
"114/10/29","108","3","5353","台林","175548.00","-137919.00","-85711.00","--","-48082.00","605974.00","557892.00"
"114/10/29","108","3","5355","佳總","-146095.00","79501.00","-85569.00","300.00","-151863.00","421157.00","269294.00"
"114/10/29","108","3","5356","協益","770930.00","-263258.00","-244180.00","-37716.00","225776.00","928290.00","1154066.00"
"114/10/29","108","3","5364","力麗店","83423.00","-1679.00","-95816.00","0.00","-14072.00","85196.00","71124.00"
"114/10/29","108","3","5371","中光電","3188788.00","-1480038.00","1637451.00","-333225.00","3012976.00","17226050.00","20239026.00"
"114/10/29","108","3","5381","合正","6532.00","-3545.00","-20595.00","2045.00","-15563.00","449094.00","433531.00"
"114/10/29","108","3","5386","青雲","201439.00","-7790.00","-169306.00","--","24343.00","75578.00","99921.00"
"114/10/29","108","3","5392","能率","319871.00","-755288.00","124048.00","-134512.00","-445881.00","3558345.00","3112464.00"
"114/10/29","108","3","5398","慕康生醫","-13535.00","23117.00","-4112.00","156.00","5626.00","201896.00","207522.00"
"114/10/29","108","3","5403","中菲","279408.00","90673.00","-378022.00","--","-7941.00","48407.00","40466.00"
"114/10/29","108","3","5410","國眾","-147100.00","-7973.00","57796.00","-715.00","-97992.00","252333.00","154341.00"
"114/10/29","108","3","5425","台半","1822640.00","-1876989.00","-285032.00","-62781.00","-402162.00","2695571.00","2293409.00"
"114/10/29","108","3","5426","振發","32367.00","-74171.00","-146032.00","-39032.00","-226868.00","634897.00","408029.00"
"114/10/29","108","3","5432","新門","7352.00","3005.00","-10685.00","--","-328.00","182554.00","182226.00"
"114/10/29","108","3","5438","東友","46445.00","-15353.00","-139384.00","-4038.00","-112330.00","651368.00","539038.00"
"114/10/29","108","3","5439","高技","267074.00","-81593.00","-220158.00","--","-34677.00","401430.00","366753.00"
"114/10/29","108","3","5443","均豪","-72060.00","3336.00","-12935.00","-7234.00","-88893.00","1293799.00","1204906.00"
"114/10/29","108","3","5450","南良","121733.00","-775436.00","621264.00","-16656.00","-49095.00","563759.00","514664.00"
"114/10/29","108","3","5452","佶優","312102.00","19162.00","-377856.00","31142.00","-15450.00","566050.00","550600.00"
"114/10/29","108","3","5455","昇益","1412070.00","-52167.00","-856384.00","--","503519.00","91747.00","595266.00"
"114/10/29","108","3","5457","宣德","372662.00","-738861.00","493026.00","39251.00","166078.00","531731.00","697809.00"
"114/10/29","108","3","5460","同協","77873.00","-63776.00","-23439.00","-15557.00","-24899.00","362746.00","337847.00"
"114/10/29","108","3","5464","霖宏","500775.00","-63295.00","-482800.00","--","-45320.00","1599556.00","1554236.00"
"114/10/29","108","3","5465","富驊","416102.00","-161303.00","227141.00","11705.00","493645.00","596062.00","1089707.00"
"114/10/29","108","3","5468","凱鈺","-16355.00","68594.00","-41892.00","70.00","10417.00","38362.00","48779.00"
"114/10/29","108","3","5474","聰泰","339233.00","83424.00","-139335.00","--","283322.00","816846.00","1100168.00"
"114/10/29","108","3","5475","德宏","119910.00","-81004.00","-109063.00","-12408.00","-82565.00","220576.00","138011.00"
"114/10/29","108","3","5478","智冠","1247629.00","-333033.00","-355216.00","-4607.00","554773.00","5054401.00","5609174.00"
"114/10/29","108","3","5481","新華","132976.00","-369689.00","188283.00","--","-48430.00","237065.00","188635.00"
"114/10/29","108","3","5483","中美晶","14180241.00","-4526435.00","-6617587.00","217157.00","3253376.00","36829131.00","40082507.00"
"114/10/29","108","3","5487","通泰","5624.00","106561.00","-6156.00","-894.00","105135.00","121244.00","226379.00"
"114/10/29","108","3","5488","松普","57716.00","-48462.00","-123840.00","-26297.00","-140883.00","425111.00","284228.00"
"114/10/29","108","3","5489","彩富","162242.00","4346.00","-777440.00","17661.00","-593191.00","1631881.00","1038690.00"
"114/10/29","108","3","5490","同亨","30292.00","-6323.00","-52720.00","-9084.00","-37835.00","810220.00","772385.00"
"114/10/29","108","3","5493","三聯","205086.00","-74970.00","-148177.00","-680.00","-18741.00","217697.00","198956.00"
"114/10/29","108","3","5498","凱崴","38044.00","-154767.00","71434.00","-494.00","-45783.00","181739.00","135956.00"
"114/10/29","108","3","5508","永信建","-980402.00","-84.00","927504.00","--","-52982.00","144121.00","91139.00"
"114/10/29","108","3","5511","德昌","1589729.00","-251522.00","-1765427.00","1978.00","-425242.00","1206136.00","780894.00"
"114/10/29","108","3","5512","力麒","2203638.00","-1366650.00","-562181.00","-546.00","274261.00","1136019.00","1410280.00"
"114/10/29","108","3","5514","三豐","819486.00","11960.00","-490448.00","--","340998.00","350516.00","691514.00"
"114/10/29","108","3","5516","雙喜","12066.00","-14768.00","77216.00","0.00","74514.00","224913.00","299427.00"
"114/10/29","108","3","5520","力泰","-15577.00","96550.00","-81185.00","--","-212.00","123242.00","123030.00"
"114/10/29","108","3","5523","豐謙","-1129992.00","-179.00","1027148.00","--","-103023.00","157674.00","54651.00"
"114/10/29","108","3","5529","鉅陞","1305505.00","-154510.00","-1164025.00","1792.00","-11238.00","38982.00","27744.00"
"114/10/29","108","3","5530","龍巖","5130569.00","-1126273.00","-3961023.00","389.00","43662.00","194002.00","237664.00"
"114/10/29","108","3","5536","聖暉*","-596145.00","13985.00","-1100390.00","-70741.00","-1753291.00","4424731.00","2671440.00"
"114/10/29","108","3","5543","桓鼎-KY","83538.00","-52896.00","108993.00","-19800.00","119835.00","260429.00","380264.00"
"114/10/29","108","3","5601","台聯櫃","22138.00","-486.00","-19559.00","--","2093.00","19984.00","22077.00"
"114/10/29","108","3","5603","陸海","24120.00","-208646.00","150385.00","644.00","-33497.00","97017.00","63520.00"
"114/10/29","108","3","5604","中連","-420492.00","819183.00","-400099.00","--","-1408.00","11355.00","9947.00"
"114/10/29","108","3","5609","中菲行","735987.00","-11964.00","-356980.00","26882.00","393925.00","1214897.00","1608822.00"
"114/10/29","108","3","5701","劍湖山","-44038.00","9946.00","20665.00","-45.00","-13472.00","28780.00","15308.00"
"114/10/29","108","3","5703","亞都麗緻","85808.00","-20745.00","-48854.00","--","16209.00","261501.00","277710.00"
"114/10/29","108","3","5704","老爺知","46646.00","-44176.00","-19797.00","--","-17327.00","86968.00","69641.00"
"114/10/29","108","3","5878","台名","31191.00","-8717.00","-74202.00","--","-51728.00","109712.00","57984.00"
"114/10/29","108","3","5902","德記","32881.00","-1320.00","-6356.00","-129.00","25076.00","40115.00","65191.00"
"114/10/29","108","3","5903","全家","10844107.00","-3764908.00","-4319359.00","-1923.00","2757917.00","9832372.00","12590289.00"
"114/10/29","108","3","5904","寶雅","2476526.00","-603457.00","-2096329.00","--","-223260.00","1247097.00","1023837.00"
"114/10/29","108","3","5905","南仁湖","251507.00","-104917.00","-192750.00","-3483.00","-49643.00","819164.00","769521.00"
"114/10/29","108","3","6101","寬魚國際","27767.00","300312.00","-208875.00","30.00","119234.00","117706.00","236940.00"
"114/10/29","108","3","6103","合邦","-351.00","--","5477.00","110.00","5236.00","8274.00","13510.00"
"114/10/29","108","3","6104","創惟","170593.00","-51885.00","-625537.00","288.00","-506541.00","1061288.00","554747.00"
"114/10/29","108","3","6109","亞元","64878.00","924.00","-27994.00","-12087.00","25721.00","221993.00","247714.00"
"114/10/29","108","3","6111","大宇資","18939.00","-570284.00","597353.00","5534.00","51542.00","180410.00","231952.00"
"114/10/29","108","3","6113","亞矽","35212.00","-708.00","-19906.00","61.00","14659.00","204586.00","219245.00"
"114/10/29","108","3","6114","久威","294029.00","-298963.00","44261.00","--","39327.00","463247.00","502574.00"
"114/10/29","108","3","6118","建達","-108409.00","-5407.00","78387.00","--","-35429.00","114740.00","79311.00"
"114/10/29","108","3","6121","新普","7717063.00","-1331335.00","-2513902.00","-313582.00","3558244.00","4275120.00","7833364.00"
"114/10/29","108","3","6122","擎邦","122992.00","98450.00","-204434.00","1971.00","18979.00","220369.00","239348.00"
"114/10/29","108","3","6123","上奇","455786.00","123792.00","-96895.00","-7430.00","475253.00","345852.00","821105.00"
"114/10/29","108","3","6124","業強","188686.00","-213717.00","53229.00","17479.00","45677.00","666185.00","711862.00"
"114/10/29","108","3","6125","廣運","274223.00","1426350.00","-1886427.00","-7907.00","-193761.00","1271581.00","1077820.00"
"114/10/29","108","3","6126","信音","274640.00","-21998.00","-137410.00","-29373.00","85859.00","379978.00","465837.00"
"114/10/29","108","3","6127","九豪","-8091.00","-221339.00","127555.00","785.00","-101090.00","148281.00","47191.00"
"114/10/29","108","3","6129","普誠","-68370.00","158244.00","-29665.00","-1601.00","58608.00","411137.00","469745.00"
"114/10/29","108","3","6130","上亞科技","-6160.00","-67890.00","56567.00","-359.00","-17842.00","70463.00","52621.00"
"114/10/29","108","3","6134","萬旭","37125.00","19532.00","-41695.00","-6553.00","8409.00","198650.00","207059.00"
"114/10/29","108","3","6138","茂達","58745.00","-133780.00","-159798.00","-389.00","-235222.00","892818.00","657596.00"
"114/10/29","108","3","6140","訊達電腦","25223.00","52922.00","-52176.00","-5142.00","20827.00","110323.00","131150.00"
"114/10/29","108","3","6143","振曜","326001.00","536871.00","-1075212.00","-9250.00","-221590.00","1373284.00","1151694.00"
"114/10/29","108","3","6144","得利影","32021.00","5260.00","-13758.00","599.00","24122.00","130717.00","154839.00"
"114/10/29","108","3","6146","耕興","674663.00","-245910.00","-587289.00","-9698.00","-168234.00","1069923.00","901689.00"
"114/10/29","108","3","6147","頎邦","5341864.00","-4563138.00","-1354693.00","348.00","-575619.00","6058390.00","5482771.00"
"114/10/29","108","3","6148","驊宏資","100770.00","68415.00","-388492.00","284.00","-219023.00","483665.00","264642.00"
"114/10/29","108","3","6150","撼訊","32629.00","-36905.00","55790.00","-48.00","51466.00","197594.00","249060.00"
"114/10/29","108","3","6151","晉倫","440838.00","-9734.00","-443861.00","-232.00","-12989.00","32131.00","19142.00"
"114/10/29","108","3","6154","順發","199910.00","-22480.00","-77206.00","--","100224.00","496141.00","596365.00"
"114/10/29","108","3","6156","松上","470740.00","-375294.00","-246012.00","-24195.00","-174761.00","682320.00","507559.00"
"114/10/29","108","3","6158","禾昌","146557.00","108315.00","-489110.00","8757.00","-225481.00","1227089.00","1001608.00"
"114/10/29","108","3","6160","欣技","63404.00","-29631.00","-66641.00","1155.00","-31713.00","214986.00","183273.00"
"114/10/29","108","3","6161","捷波","172793.00","-53520.00","-131968.00","344.00","-12351.00","471333.00","458982.00"
"114/10/29","108","3","6163","華電網","-234219.00","-72350.00","357843.00","-155.00","51119.00","401545.00","452664.00"
"114/10/29","108","3","6167","久正","116059.00","-54530.00","-30958.00","-14865.00","15706.00","360047.00","375753.00"
"114/10/29","108","3","6169","昱泉","734.00","-59211.00","3318.00","235.00","-54924.00","109250.00","54326.00"
"114/10/29","108","3","6170","統振","86676.00","-19592.00","56452.00","560.00","124096.00","682101.00","806197.00"
"114/10/29","108","3","6171","大城地產","-224349.00","-1396.00","234930.00","--","9185.00","90429.00","99614.00"
"114/10/29","108","3","6173","信昌電","789892.00","-769492.00","-632401.00","-25598.00","-637599.00","1377591.00","739992.00"
"114/10/29","108","3","6174","安��","65048.00","-16239.00","-52785.00","1704.00","-2272.00","160079.00","157807.00"
"114/10/29","108","3","6175","立敦","623489.00","-228372.00","-364894.00","-6662.00","23561.00","393925.00","417486.00"
"114/10/29","108","3","6179","亞通","41469.00","-170575.00","208409.00","-3059.00","76244.00","226075.00","302319.00"
"114/10/29","108","3","6180","橘子","-12269.00","-135583.00","-515977.00","5197.00","-658632.00","2796729.00","2138097.00"
"114/10/29","108","3","6182","合晶","1470762.00","-1543966.00","557332.00","-76651.00","407477.00","3614842.00","4022319.00"
"114/10/29","108","3","6185","幃翔","231900.00","-261961.00","122783.00","-21367.00","71355.00","1224381.00","1295736.00"
"114/10/29","108","3","6186","新潤","-1435981.00","-149323.00","1445726.00","--","-139578.00","751374.00","611796.00"
"114/10/29","108","3","6187","萬潤","228678.00","-5270.00","-261736.00","-4974.00","-43302.00","880090.00","836788.00"
"114/10/29","108","3","6188","廣明","370149.00","4545512.00","-3965245.00","-91691.00","858725.00","4156758.00","5015483.00"
"114/10/29","108","3","6190","萬泰科","199535.00","-160564.00","-36923.00","-17096.00","-15048.00","490008.00","474960.00"
"114/10/29","108","3","6194","育富","164982.00","-7848.00","-59362.00","8048.00","105820.00","1065955.00","1171775.00"
"114/10/29","108","3","6195","詩肯","221916.00","-197857.00","80479.00","-584.00","103954.00","80044.00","183998.00"
"114/10/29","108","3","6198","瑞築","-10221.00","-4582.00","-461.00","55.00","-15209.00","48063.00","32854.00"
"114/10/29","108","3","6199","天品","-6798.00","-467.00","-13887.00","--","-21152.00","282738.00","261586.00"
"114/10/29","108","3","6203","海韻電","411611.00","5632.00","-206372.00","-4585.00","206286.00","489591.00","695877.00"
"114/10/29","108","3","6204","艾華","30296.00","-67021.00","-44973.00","2101.00","-79597.00","454228.00","374631.00"
"114/10/29","108","3","6207","雷科","391927.00","-48831.00","-286175.00","894.00","57815.00","865844.00","923659.00"
"114/10/29","108","3","6208","日揚","308576.00","-95897.00","-160511.00","-9247.00","42921.00","222074.00","264995.00"
"114/10/29","108","3","6210","慶生","98433.00","30415.00","-91125.00","--","37723.00","55616.00","93339.00"
"114/10/29","108","3","6212","理銘","-2609651.00","1457.00","2289621.00","--","-318573.00","422795.00","104222.00"
"114/10/29","108","3","6217","中探針","42978.00","-149640.00","-39209.00","-17000.00","-162871.00","587165.00","424294.00"
"114/10/29","108","3","6218","豪勉","76632.00","-223893.00","-113317.00","2014.00","-258564.00","370158.00","111594.00"
"114/10/29","108","3","6219","富旺","683332.00","-520997.00","-673613.00","--","-511278.00","803934.00","292656.00"
"114/10/29","108","3","6220","岳豐","130358.00","-177137.00","-104755.00","6734.00","-144800.00","1178189.00","1033389.00"
"114/10/29","108","3","6221","晉泰","195736.00","-14279.00","-47936.00","-8008.00","125513.00","445749.00","571262.00"
"114/10/29","108","3","6222","立軒","5477.00","-650.00","9454.00","35.00","14316.00","56852.00","71168.00"
"114/10/29","108","3","6223","旺矽","177153.00","-164913.00","-262097.00","-2672.00","-252529.00","1110694.00","858165.00"
"114/10/29","108","3","6227","茂綸","797839.00","-7545.00","-788567.00","4438.00","6165.00","188034.00","194199.00"
"114/10/29","108","3","6228","全譜","-13355.00","-141.00","5598.00","-242.00","-8140.00","46503.00","38363.00"
"114/10/29","108","3","6229","研通","-26825.00","4252.00","-34908.00","2960.00","-54521.00","228754.00","174233.00"
"114/10/29","108","3","6231","系微","112604.00","-7789.00","-85836.00","395.00","19374.00","636549.00","655923.00"
"114/10/29","108","3","6233","旺玖","-4800.00","-1349.00","-1312.00","--","-7461.00","489832.00","482371.00"
"114/10/29","108","3","6234","高僑","338208.00","-130006.00","39265.00","-641.00","246826.00","606976.00","853802.00"
"114/10/29","108","3","6236","中湛","-22366.00","2490.00","22457.00","62.00","2643.00","34352.00","36995.00"
"114/10/29","108","3","6237","驊訊","-57195.00","-42857.00","-21024.00","-854.00","-121930.00","511175.00","389245.00"
"114/10/29","108","3","6240","松崗","2405.00","82966.00","-5820.00","--","79551.00","95504.00","175055.00"
"114/10/29","108","3","6241","易通展","-13880.00","-5183.00","-2543.00","--","-21606.00","132133.00","110527.00"
"114/10/29","108","3","6242","立康","46603.00","-21248.00","-62331.00","--","-36976.00","164609.00","127633.00"
"114/10/29","108","3","6244","茂迪","-707239.00","814896.00","-2466694.00","-48310.00","-2407347.00","5795021.00","3387674.00"
"114/10/29","108","3","6245","立端","226975.00","-58040.00","-414144.00","-18820.00","-264029.00","955871.00","691842.00"
"114/10/29","108","3","6246","臺龍","90287.00","-25291.00","-26700.00","-4961.00","33335.00","148099.00","181434.00"
"114/10/29","108","3","6248","沛波","-77574.00","-5575.00","2739.00","13.00","-80397.00","175197.00","94800.00"
"114/10/29","108","3","6259","百徽","4990.00","-485.00","-13141.00","-2004.00","-10640.00","39331.00","28691.00"
"114/10/29","108","3","6261","久元","805519.00","87061.00","-666850.00","2833.00","228563.00","2004973.00","2233536.00"
"114/10/29","108","3","6263","普萊德","312527.00","1147.00","-281779.00","--","31895.00","1199579.00","1231474.00"
"114/10/29","108","3","6264","富裔","62019.00","-164279.00","62141.00","--","-40119.00","50087.00","9968.00"
"114/10/29","108","3","6265","方方土昶","464154.00","11207.00","-115395.00","-12835.00","347131.00","383341.00","730472.00"
"114/10/29","108","3","6266","泰詠","35016.00","-213148.00","73141.00","-14506.00","-119497.00","630593.00","511096.00"
"114/10/29","108","3","6270","倍微","-129827.00","177096.00","-77213.00","6912.00","-23032.00","372982.00","349950.00"
"114/10/29","108","3","6274","台燿","1584726.00","-294048.00","-447559.00","-105504.00","737615.00","2239236.00","2976851.00"
"114/10/29","108","3","6275","元山","205040.00","-31575.00","-152415.00","4866.00","25916.00","140580.00","166496.00"
"114/10/29","108","3","6276","安鈦克","67437.00","35344.00","-30855.00","-1930.00","69996.00","212792.00","282788.00"
"114/10/29","108","3","6279","胡連","715519.00","-334674.00","-446029.00","-18198.00","-83382.00","954951.00","871569.00"
"114/10/29","108","3","6284","佳邦","443077.00","-933369.00","-573750.00","-8044.00","-1072086.00","2345432.00","1273346.00"
"114/10/29","108","3","6290","良維","899270.00","-191991.00","-319281.00","5572.00","393570.00","566957.00","960527.00"
"114/10/29","108","3","6291","沛亨","-6629.00","5004.00","34172.00","29.00","32576.00","46622.00","79198.00"
"114/10/29","108","3","6292","迅德","215404.00","-255897.00","-109558.00","-11194.00","-161245.00","674740.00","513495.00"
"114/10/29","108","3","6294","智基","251573.00","12528.00","-195786.00","--","68315.00","791541.00","859856.00"
"114/10/29","108","3","6411","晶焱","653158.00","-26889.00","-426854.00","-296.00","199119.00","662878.00","861997.00"
"114/10/29","108","3","6417","韋僑","73319.00","-47396.00","-34939.00","-126.00","-9142.00","210393.00","201251.00"
"114/10/29","108","3","6418","詠昇","30241.00","-18442.00","57078.00","-3266.00","65611.00","223280.00","288891.00"
"114/10/29","108","3","6419","京晨科","-614.00","-9695.00","-4589.00","802.00","-14096.00","65710.00","51614.00"
"114/10/29","108","3","6425","易發","-118840.00","-15777.00","6555.00","3481.00","-124581.00","498706.00","374125.00"
"114/10/29","108","3","6432","今展科","83343.00","-109770.00","1144.00","930.00","-24353.00","180396.00","156043.00"
"114/10/29","108","3","6435","大中","-36787.00","-36355.00","-57593.00","--","-130735.00","304499.00","173764.00"
"114/10/29","108","3","6441","廣錠","62142.00","-485676.00","318329.00","68.00","-105137.00","279701.00","174564.00"
"114/10/29","108","3","6461","益得","-137136.00","-55592.00","168025.00","0.00","-24703.00","128353.00","103650.00"
"114/10/29","108","3","6462","神盾","841923.00","-830759.00","-113930.00","-726.00","-103492.00","2473863.00","2370371.00"
"114/10/29","108","3","6465","威潤","738.00","25551.00","-25826.00","158.00","621.00","215517.00","216138.00"
"114/10/29","108","3","6469","大樹","236661.00","-194312.00","-195298.00","--","-152949.00","633661.00","480712.00"
"114/10/29","108","3","6470","宇智","175384.00","-15993.00","-106406.00","-26578.00","26407.00","387948.00","414355.00"
"114/10/29","108","3","6482","弘煜科","19837.00","-4073.00","-6727.00","2274.00","11311.00","255658.00","266969.00"
"114/10/29","108","3","6485","點序","-40491.00","-32268.00","51225.00","5648.00","-15886.00","370957.00","355071.00"
"114/10/29","108","3","6486","互動","354975.00","35007.00","-184077.00","0.00","205905.00","492015.00","697920.00"
"114/10/29","108","3","6488","環球晶","12982517.00","-4642337.00","-5892284.00","219736.00","2667632.00","35214323.00","37881955.00"
"114/10/29","108","3","6492","生華科","-309846.00","1.00","-4613.00","545.00","-313913.00","1229493.00","915580.00"
"114/10/29","108","3","6494","九齊","172512.00","-55059.00","-80043.00","-4.00","37406.00","153275.00","190681.00"
"114/10/29","108","3","6496","科懋","-79675.00","-17822.00","-192865.00","--","-290362.00","751106.00","460744.00"
"114/10/29","108","3","6499","益安","-165445.00","-391505.00","664149.00","1094.00","108293.00","328113.00","436406.00"
"114/10/29","108","3","6506","雙邦","125162.00","-560186.00","403501.00","22.00","-31501.00","109507.00","78006.00"
"114/10/29","108","3","6508","惠光","232785.00","-100747.00","-50570.00","16210.00","97678.00","588111.00","685789.00"
"114/10/29","108","3","6509","聚和","229022.00","-275022.00","136126.00","-6446.00","83680.00","512067.00","595747.00"
"114/10/29","108","3","6510","精測","111119.00","-1069396.00","-342952.00","-776.00","-1302005.00","3527971.00","2225966.00"
"114/10/29","108","3","6512","啟發電","2082.00","-101.00","-12308.00","806.00","-9521.00","303195.00","293674.00"
"114/10/29","108","3","6516","勤崴國際","-5420.00","-602938.00","577921.00","--","-30437.00","207676.00","177239.00"
"114/10/29","108","3","6523","達爾膚","122718.00","26625.00","39587.00","2559.00","191489.00","503880.00","695369.00"
"114/10/29","108","3","6527","明達醫","4142.00","-4628.00","-53395.00","--","-53881.00","328452.00","274571.00"
"114/10/29","108","3","6530","創威","30323.00","-76070.00","-37828.00","--","-83575.00","258815.00","175240.00"
"114/10/29","108","3","6532","瑞耘","55509.00","-6714.00","-73687.00","0.00","-24892.00","336335.00","311443.00"
"114/10/29","108","3","6535","順藥","-157610.00","-138650.00","8591.00","-251.00","-287920.00","556322.00","268402.00"
"114/10/29","108","3","6538","倉和","126803.00","-149418.00","-51145.00","-2702.00","-76462.00","436451.00","359989.00"
"114/10/29","108","3","6542","隆中","-1892.00","50122.00","-29609.00","-1116.00","17505.00","924907.00","942412.00"
"114/10/29","108","3","6547","高端疫苗","-366737.00","420966.00","-76989.00","262.00","-22498.00","217077.00","194579.00"
"114/10/29","108","3","6548","長科*","1086958.00","-522136.00","-96134.00","-4725.00","463963.00","2304048.00","2768011.00"
"114/10/29","108","3","6556","勝品","40352.00","11850.00","11918.00","-135.00","63985.00","348947.00","412932.00"
"114/10/29","108","3","6560","欣普羅","48004.00","-81878.00","-55185.00","2552.00","-86507.00","197905.00","111398.00"
"114/10/29","108","3","6561","是方","548675.00","-213394.00","-563532.00","1531.00","-226720.00","1160502.00","933782.00"
"114/10/29","108","3","6568","宏觀","224090.00","-59328.00","-109284.00","-270.00","55208.00","951607.00","1006815.00"
"114/10/29","108","3","6569","醫揚","388347.00","-38890.00","-139282.00","-210.00","209965.00","222321.00","432286.00"
"114/10/29","108","3","6570","維田","43462.00","-3327.00","-83206.00","-325.00","-43396.00","229438.00","186042.00"
"114/10/29","108","3","6574","霈方","79857.00","-37754.00","-96436.00","32.00","-54301.00","137997.00","83696.00"
"114/10/29","108","3","6576","逸達","-351578.00","-88854.00","857880.00","261.00","417709.00","214332.00","632041.00"
"114/10/29","108","3","6577","勁豐","406447.00","-51415.00","-192733.00","76.00","162375.00","544653.00","707028.00"
"114/10/29","108","3","6578","達邦蛋白","23331.00","-76649.00","-28232.00","5497.00","-76053.00","199748.00","123695.00"
"114/10/29","108","3","6588","東典光電","64752.00","-11265.00","-66162.00","-420.00","-13095.00","169457.00","156362.00"
"114/10/29","108","3","6590","普鴻","2008.00","7542.00","-58327.00","--","-48777.00","108750.00","59973.00"
"114/10/29","108","3","6593","台灣銘板","26456.00","-19249.00","-34148.00","-90.00","-27031.00","72618.00","45587.00"
"114/10/29","108","3","6596","寬宏藝術","70336.00","35614.00","-33222.00","-1309.00","71419.00","202373.00","273792.00"
"114/10/29","108","3","6603","富強鑫","-203488.00","32386.00","343422.00","-40068.00","132252.00","511438.00","643690.00"
"114/10/29","108","3","6609","瀧澤科","99231.00","-127407.00","-41809.00","-6046.00","-76031.00","1109566.00","1033535.00"
"114/10/29","108","3","6612","奈米醫材","61416.00","-150433.00","-5729.00","-2439.00","-97185.00","399006.00","301821.00"
"114/10/29","108","3","6613","朋億*","172541.00","91135.00","-522606.00","-36044.00","-294974.00","1717725.00","1422751.00"
"114/10/29","108","3","6615","慧智","79339.00","-93553.00","-51276.00","606.00","-64884.00","299657.00","234773.00"
"114/10/29","108","3","6616","特昇-KY","114322.00","-29416.00","-7964.00","-238.00","76704.00","103144.00","179848.00"
"114/10/29","108","3","6624","萬年清","-101441.00","-61930.00","146933.00","--","-16438.00","51334.00","34896.00"
"114/10/29","108","3","6629","泰金-KY","16549.00","-57929.00","57598.00","4216.00","20434.00","143838.00","164272.00"
"114/10/29","108","3","6640","均華","206178.00","-34963.00","-58184.00","-10711.00","102320.00","507972.00","610292.00"
"114/10/29","108","3","6642","富致","75012.00","2169.00","36610.00","-1473.00","112318.00","145421.00","257739.00"
"114/10/29","108","3","6643","M31","223975.00","-514165.00","341522.00","1160.00","52492.00","362445.00","414937.00"
"114/10/29","108","3","6649","台生材","-48977.00","-160929.00","126731.00","--","-83175.00","179126.00","95951.00"
"114/10/29","108","3","6654","天正國際","-32455.00","-177629.00","19177.00","513.00","-190394.00","461826.00","271432.00"
"114/10/29","108","3","6662","樂斯科","43555.00","-19447.00","57026.00","--","81134.00","83922.00","165056.00"
"114/10/29","108","3","6664","群翊","273464.00","-201781.00","-268308.00","-10277.00","-206902.00","817781.00","610879.00"
"114/10/29","108","3","6667","信紘科","-171013.00","-49868.00","9049.00","-8.00","-211840.00","353692.00","141852.00"
"114/10/29","108","3","6679","鈺太","88674.00","-26822.00","172406.00","-1561.00","232697.00","108170.00","340867.00"
"114/10/29","108","3","6680","鑫創電子","39842.00","-90947.00","58772.00","--","7667.00","180769.00","188436.00"
"114/10/29","108","3","6683","雍智科技","125262.00","-21475.00","173311.00","2480.00","279578.00","400725.00","680303.00"
"114/10/29","108","3","6690","安�硌穈T","64109.00","-133757.00","-45136.00","--","-114784.00","175527.00","60743.00"
"114/10/29","108","3","6697","東捷資訊","13584.00","-6826.00","-73567.00","-223.00","-67032.00","155225.00","88193.00"
"114/10/29","108","3","6716","應廣","46881.00","-82758.00","-58177.00","--","-94054.00","275446.00","181392.00"
"114/10/29","108","3","6732","昇佳電子","1285807.00","-859358.00","-101784.00","1449.00","326114.00","539578.00","865692.00"
"114/10/29","108","3","6803","崑鼎","313250.00","-483577.00","-751435.00","--","-921762.00","1543162.00","621400.00"
"114/10/29","108","3","7402","邑錡","27582.00","-23940.00","-32192.00","--","-28550.00","126572.00","98022.00"
"114/10/29","108","3","8024","佑華","23838.00","48731.00","-13548.00","-706.00","58315.00","75713.00","134028.00"
"114/10/29","108","3","8027","鈦昇","112861.00","-63155.00","-26668.00","-2399.00","20639.00","215960.00","236599.00"
"114/10/29","108","3","8032","光菱","59242.00","-12311.00","-158405.00","-10717.00","-122191.00","523160.00","400969.00"
"114/10/29","108","3","8034","榮群","32442.00","57089.00","-6271.00","--","83260.00","168837.00","252097.00"
"114/10/29","108","3","8038","長園科","-4748.00","201164.00","41281.00","--","237697.00","122408.00","360105.00"
"114/10/29","108","3","8040","九暘","47252.00","-6203.00","-20203.00","0.00","20846.00","148091.00","168937.00"
"114/10/29","108","3","8042","金山電","4322.00","-86418.00","51310.00","4723.00","-26063.00","1207448.00","1181385.00"
"114/10/29","108","3","8043","蜜望實","453715.00","9267.00","-270682.00","-17874.00","174426.00","708902.00","883328.00"
"114/10/29","108","3","8044","網家","180010.00","-667152.00","-81472.00","5755.00","-562859.00","6881162.00","6318303.00"
"114/10/29","108","3","8047","星雲","-19799.00","14539.00","-2610.00","3808.00","-4062.00","133955.00","129893.00"
"114/10/29","108","3","8048","德勝","31782.00","-45835.00","-98816.00","-154.00","-113023.00","399647.00","286624.00"
"114/10/29","108","3","8049","晶采","237972.00","-104167.00","-248389.00","1258.00","-113326.00","506666.00","393340.00"
"114/10/29","108","3","8050","廣積","306069.00","-506462.00","79260.00","-1389.00","-122522.00","726937.00","604415.00"
"114/10/29","108","3","8054","安國","150586.00","-67137.00","-110593.00","-663.00","-27807.00","492694.00","464887.00"
"114/10/29","108","3","8059","凱碩","70375.00","10916.00","-48107.00","-280.00","32904.00","150496.00","183400.00"
"114/10/29","108","3","8064","東捷","326863.00","727766.00","-141740.00","-2307.00","910582.00","640037.00","1550619.00"
"114/10/29","108","3","8066","來思達","246947.00","-29261.00","-130670.00","8523.00","95539.00","522683.00","618222.00"
"114/10/29","108","3","8067","志旭","-51620.00","-34600.00","75223.00","25.00","-10972.00","15956.00","4984.00"
"114/10/29","108","3","8068","全達","25004.00","-86251.00","24271.00","83.00","-36893.00","284534.00","247641.00"
"114/10/29","108","3","8069","元太","1437400.00","-2300294.00","330141.00","-197643.00","-730396.00","7695106.00","6964710.00"
"114/10/29","108","3","8071","能率網通","229076.00","-74131.00","-157872.00","-7465.00","-10392.00","950487.00","940095.00"
"114/10/29","108","3","8074","鉅橡","89258.00","-113096.00","-38141.00","10182.00","-51797.00","488327.00","436530.00"
"114/10/29","108","3","8076","伍豐","499574.00","102020.00","-398726.00","-18023.00","184845.00","1228930.00","1413775.00"
"114/10/29","108","3","8077","洛��","396772.00","-80766.00","-310184.00","--","5822.00","306790.00","312612.00"
"114/10/29","108","3","8080","泰霖","-92843.00","70622.00","2570.00","-928.00","-20579.00","66040.00","45461.00"
"114/10/29","108","3","8083","瑞穎","318251.00","-83724.00","-289669.00","--","-55142.00","160573.00","105431.00"
"114/10/29","108","3","8084","巨虹","-64288.00","-9760.00","37288.00","1006.00","-35754.00","189662.00","153908.00"
"114/10/29","108","3","8085","福華","-36060.00","12808.00","-540965.00","-10661.00","-574878.00","1090526.00","515648.00"
"114/10/29","108","3","8086","宏捷科","104294.00","-347549.00","-37398.00","--","-280653.00","1225681.00","945028.00"
"114/10/29","108","3","8087","麗升能源","6125.00","926.00","-18037.00","0.00","-10986.00","36832.00","25846.00"
"114/10/29","108","3","8088","品安","323521.00","-119800.00","-17534.00","--","186187.00","151236.00","337423.00"
"114/10/29","108","3","8091","翔名","107693.00","-204723.00","-147557.00","-6035.00","-250622.00","856428.00","605806.00"
"114/10/29","108","3","8092","建暐","-31408.00","-12611.00","29021.00","84.00","-14914.00","28489.00","13575.00"
"114/10/29","108","3","8093","保銳","-25129.00","-4902.00","36185.00","-38.00","6116.00","26905.00","33021.00"
"114/10/29","108","3","8096","擎亞","-15880.00","-67814.00","197889.00","9935.00","124130.00","279782.00","403912.00"
"114/10/29","108","3","8097","常珵","8380.00","-3074.00","-5393.00","--","-87.00","20746.00","20659.00"
"114/10/29","108","3","8099","大世科","36876.00","10949.00","-248255.00","-166.00","-200596.00","469086.00","268490.00"
"114/10/29","108","3","8107","大億金茂","103257.00","50514.00","-289102.00","10055.00","-125276.00","237701.00","112425.00"
"114/10/29","108","3","8109","博大","278072.00","-513488.00","9747.00","-3202.00","-228871.00","1824172.00","1595301.00"
"114/10/29","108","3","8111","立��","57708.00","61623.00","-37809.00","-4889.00","76633.00","347028.00","423661.00"
"114/10/29","108","3","8121","越峰","264183.00","-149398.00","34594.00","-12760.00","136619.00","468219.00","604838.00"
"114/10/29","108","3","8147","正淩","38789.00","-155389.00","-11248.00","-3706.00","-131554.00","261042.00","129488.00"
"114/10/29","108","3","8155","博智","188010.00","-96936.00","-300445.00","-115.00","-209486.00","677461.00","467975.00"
"114/10/29","108","3","8171","天宇","-102450.00","33661.00","20935.00","-2558.00","-50412.00","189891.00","139479.00"
"114/10/29","108","3","8176","智捷","155195.00","-82508.00","-20437.00","-9112.00","43138.00","135742.00","178880.00"
"114/10/29","108","3","8182","加高","254181.00","-291625.00","-44753.00","38800.00","-43397.00","1156604.00","1113207.00"
"114/10/29","108","3","8183","精星","302640.00","-203830.00","-268896.00","-33007.00","-203093.00","567764.00","364671.00"
"114/10/29","108","3","8234","新漢","385771.00","-159475.00","-72381.00","-7577.00","146338.00","486231.00","632569.00"
"114/10/29","108","3","8240","華宏","90642.00","-34885.00","-245372.00","-69400.00","-259015.00","1296882.00","1037867.00"
"114/10/29","108","3","8255","朋程","213352.00","-654138.00","868495.00","749.00","428458.00","645002.00","1073460.00"
"114/10/29","108","3","8277","商丞","-28171.00","-8823.00","-3640.00","46.00","-40588.00","287082.00","246494.00"
"114/10/29","108","3","8279","生展","172885.00","-72400.00","205501.00","157.00","306143.00","128547.00","434690.00"
"114/10/29","108","3","8284","三竹","191790.00","-98165.00","-112307.00","--","-18682.00","572014.00","553332.00"
"114/10/29","108","3","8289","泰藝","83239.00","-123506.00","3080.00","3138.00","-34049.00","496811.00","462762.00"
"114/10/29","108","3","8291","尚茂","5051.00","4778.00","-65657.00","29.00","-55799.00","98661.00","42862.00"
"114/10/29","108","3","8299","群聯","-1218535.00","-983329.00","-2542395.00","24396.00","-4719863.00","14176396.00","9456533.00"
"114/10/29","108","3","8342","益張","83770.00","-84628.00","55767.00","26.00","54935.00","132380.00","187315.00"
"114/10/29","108","3","8349","�矬ㄟ篕�","1164622.00","-456179.00","-345310.00","-79831.00","283302.00","452958.00","736260.00"
"114/10/29","108","3","8354","冠好","111818.00","221443.00","-158580.00","1252.00","175933.00","485413.00","661346.00"
"114/10/29","108","3","8358","金居","480225.00","-69187.00","-417948.00","-169.00","-7079.00","2733913.00","2726834.00"
"114/10/29","108","3","8383","千附","163372.00","-76837.00","-94686.00","-1394.00","-9545.00","557425.00","547880.00"
"114/10/29","108","3","8390","金益鼎","341130.00","-227351.00","-51210.00","1699.00","64268.00","476675.00","540943.00"
"114/10/29","108","3","8401","白紗科","158842.00","-33805.00","-120632.00","-2341.00","2064.00","207498.00","209562.00"
"114/10/29","108","3","8403","盛弘","321845.00","-77434.00","24621.00","-461.00","268571.00","695046.00","963617.00"
"114/10/29","108","3","8409","商之器","20742.00","-9446.00","-2957.00","440.00","8779.00","103220.00","111999.00"
"114/10/29","108","3","8410","森田","96246.00","-51948.00","-85400.00","69.00","-41033.00","497066.00","456033.00"
"114/10/29","108","3","8415","大國鋼","-912150.00","-3660284.00","-1289482.00","-1098.00","-5863014.00","9386348.00","3523334.00"
"114/10/29","108","3","8416","實威","168382.00","-2811.00","-215265.00","-558.00","-50252.00","562516.00","512264.00"
"114/10/29","108","3","8421","旭源","97783.00","-132935.00","-46166.00","-3466.00","-84784.00","273401.00","188617.00"
"114/10/29","108","3","8423","保綠-KY","50494.00","-9104.00","-29896.00","-27.00","11467.00","94911.00","106378.00"
"114/10/29","108","3","8424","惠普","206952.00","-15990.00","-149753.00","--","41209.00","23018.00","64227.00"
"114/10/29","108","3","8426","紅木-KY","67984.00","-237642.00","85094.00","-157.00","-84721.00","353259.00","268538.00"
"114/10/29","108","3","8431","匯鑽科","13255.00","-24661.00","7428.00","-373.00","-4351.00","151597.00","147246.00"
"114/10/29","108","3","8432","東生華","82656.00","-7702.00","-64752.00","0.00","10202.00","216370.00","226572.00"
"114/10/29","108","3","8433","弘帆","187174.00","-121953.00","-40554.00","-1533.00","23134.00","987549.00","1010683.00"
"114/10/29","108","3","8435","鉅邁","117400.00","-13755.00","-108557.00","-3798.00","-8710.00","513466.00","504756.00"
"114/10/29","108","3","8436","大江","1193982.00","-1306980.00","-214862.00","-65126.00","-392986.00","4417545.00","4024559.00"
"114/10/29","108","3","8437","大地-KY","592625.00","-406655.00","-31427.00","-39409.00","115134.00","1325768.00","1440902.00"
"114/10/29","108","3","8440","綠電","-20019.00","-3964.00","-61736.00","--","-85719.00","174495.00","88776.00"
"114/10/29","108","3","8444","綠河-KY","-185997.00","-768995.00","53333.00","141266.00","-760393.00","1629156.00","868763.00"
"114/10/29","108","3","8446","華研","781032.00","-373711.00","-378740.00","59.00","28640.00","914920.00","943560.00"
"114/10/29","108","3","8450","霹靂","32155.00","72764.00","-35435.00","-10242.00","59242.00","261964.00","321206.00"
"114/10/29","108","3","8455","大拓-KY","220197.00","5480.00","-95212.00","6812.00","137277.00","184049.00","321326.00"
"114/10/29","108","3","8472","夠麻吉","86471.00","50185.00","-71844.00","--","64812.00","104166.00","168978.00"
"114/10/29","108","3","8477","創業家","34507.00","-11653.00","54027.00","--","76881.00","498761.00","575642.00"
"114/10/29","108","3","8489","三貝德","59019.00","-160825.00","-89074.00","-4.00","-190884.00","1068402.00","877518.00"
"114/10/29","108","3","8905","裕國","-908278.00","-53169.00","980044.00","--","18597.00","122454.00","141051.00"
"114/10/29","108","3","8906","花王","2163.00","-55414.00","56596.00","--","3345.00","23095.00","26440.00"
"114/10/29","108","3","8908","欣雄","509725.00","-317427.00","-243885.00","--","-51587.00","699970.00","648383.00"
"114/10/29","108","3","8916","光隆","-178286.00","-613783.00","945989.00","51527.00","205447.00","794215.00","999662.00"
"114/10/29","108","3","8917","欣泰","408155.00","-136444.00","-245155.00","--","26556.00","434483.00","461039.00"
"114/10/29","108","3","8921","沈氏","32626.00","33616.00","-16759.00","--","49483.00","88722.00","138205.00"
"114/10/29","108","3","8923","時報","42710.00","-20675.00","-32399.00","-316.00","-10680.00","43292.00","32612.00"
"114/10/29","108","3","8924","大田","434712.00","-147870.00","-169862.00","-8612.00","108368.00","1468931.00","1577299.00"
"114/10/29","108","3","8927","北基","94117.00","-144940.00","128171.00","0.00","77348.00","162939.00","240287.00"
"114/10/29","108","3","8928","鉅明","290415.00","-93950.00","-116394.00","233.00","80304.00","59596.00","139900.00"
"114/10/29","108","3","8929","富堡","2275.00","-165749.00","32297.00","873.00","-130304.00","490072.00","359768.00"
"114/10/29","108","3","8930","青鋼","9480.00","-4406.00","23384.00","-5742.00","22716.00","583659.00","606375.00"
"114/10/29","108","3","8931","大汽電","93058.00","-541613.00","188647.00","--","-259908.00","556573.00","296665.00"
"114/10/29","108","3","8932","智通*","-11217.00","38099.00","-140406.00","-527.00","-114051.00","250708.00","136657.00"
"114/10/29","108","3","8933","愛地雅","104528.00","-221484.00","-122380.00","-25981.00","-265317.00","726369.00","461052.00"
"114/10/29","108","3","8935","邦泰","-15301.00","-110430.00","-62145.00","-9084.00","-196960.00","310359.00","113399.00"
"114/10/29","108","3","8936","國統","-446299.00","-89443.00","461225.00","3720.00","-70797.00","419777.00","348980.00"
"114/10/29","108","3","8937","合騏","65770.00","-37767.00","2325.00","--","30328.00","59928.00","90256.00"
"114/10/29","108","3","8938","明安","1607121.00","-636470.00","-99263.00","-11997.00","859391.00","533118.00","1392509.00"
"114/10/29","108","3","8941","關中","163036.00","188804.00","-225890.00","1771.00","127721.00","164454.00","292175.00"
"114/10/29","108","3","8942","森鉅","846471.00","230265.00","-1764584.00","22044.00","-665804.00","2496499.00","1830695.00"
"114/10/29","108","3","9949","琉園","-9244.00","22622.00","-6383.00","-181.00","6814.00","50222.00","57036.00"
"114/10/29","108","3","9950","萬國通","53538.00","-344336.00","283361.00","4133.00","-3304.00","165793.00","162489.00"
"114/10/29","108","3","9951","皇田","699183.00","-116170.00","-501396.00","-13782.00","67835.00","733581.00","801416.00"
"114/10/29","108","3","9960","邁達康","21197.00","-91831.00","-44760.00","-1309.00","-116703.00","186754.00","70051.00"
"114/10/29","108","3","9962","有益","-100381.00","-380.00","38556.00","0.00","-62205.00","175244.00","113039.00"
